refcode,linker SMILES,metal,Largest Cavity Diameter,Pore Limiting Diameter,Largest Free Sphere
ABEMIF,OC(=O)c1cc(cc(c1)C(=O)O)C(=O)O,Cu,11.25251,6.80253,11.25251
ABUFUA,OC(=O)/C=C/c1ccc(cc1)/C=C/C(=O)O,Fe,2.05942,1.64222,2.05073
ACAZEK,NCCN,Ag,1.67292,0.95578,1.29275
ACMPCD,O[C@@H]1[C@@H](O)[C@@H](O[C@@H]1n1ccc(nc1=O)N)COP(=O)(O)O,Cd,5.66735,4.60927,5.66735
ACOBEC,OC(=O)c1ccc(cc1)C(=O)O,Sc,3.36484,2.64983,3.36484
ACODAA,n1[nH]cc(c1)c1c[nH]nc1,Fe,6.48152,5.94554,6.48152
ACOVEU,O[C@H]([C@H](C(=O)O)O)C(=O)O,Co,1.414,0.90293,1.414
ADINCU,N#CCCCCC#N,Cu,4.24935,2.57866,4.24935
AFIPUB,O=C1C(=O)C(=O)C1=O,Cd,1.48057,0.66871,1.46299
AFIXAO,c1ncc[nH]1,Co,6.33013,4.53148,6.32971
AFORCD,OC=O,Cd,1.70202,1.00965,1.70202
AGDCNM,N#CC(N(=O)=O)C#N,Ag,2.1022,0.74448,1.77282
AGEGOL,O=C1C(=O)C(=O)C1=O,Ca,3.67071,1.04284,3.15977
AGESIP,O=C1C(=O)C(=O)C1=O,Cu,3.67076,3.05174,3.64368
AGEWUH,OC=O,Mn,4.5118,2.84268,4.5118
AGOGOU,[nH]1cnnc1,Fe,1.3569,0.81723,1.35063
AGOXAL02,OC(=O)C(=O)O,Ag,0.94823,0.31422,0.94823
AGSLFA,OS(CCS(O)(O)O)(O)O,Ag,1.56317,0.82387,1.56317
AGULAQ,OC(=O)CN1C=C(O)CC(=C1)C(=O)O,Mn,3.20902,1.59246,3.20792
AGUVEE,n1ncn(c1)n1cnnc1,Cu,4.90012,2.38894,4.90012
AGUWEG01,N#C[C@H]1C(=O)C(=C(C(=O)C1=O)Cl)O,K,1.49429,0.30317,1.42701
AHIJOQ,O[C@H]([C@H](C(=O)O)O)C(=O)O,Pb,1.64909,0.55607,1.57823
AHOKIR01,OP(=O)(CCCCP(=O)(O)O)O,Cu,4.25517,3.48028,4.25517
AHUBIO,O=N(=O)c1ccc(c(c1)N(=O)=O)O,Pb,1.62355,1.05115,1.61227
AJIFIJ,OC(=O)[C@H]([C@H](C(=O)O)CC(=O)O)CC(=O)O,Cd,1.88836,0.8759,1.86868
ALEQIT,OC(=O)c1ccc(cc1)C(=O)O,Tb,2.33632,1.40235,2.31142
ALICEE,[nH]1cnnc1,Cu,8.89228,8.87656,8.89228
ALIQUH,OC(=O)C(=O)O,Mn,3.96739,2.24492,3.96739
ALOVEC,OC(=O)c1ccc(cc1)C(=O)O,V,3.17356,1.91917,3.151
ALUJOH,OC(=O)c1ccc(cc1)C(=O)O,Nd,4.23007,1.46065,4.09972
ALUJUN,OC(=O)c1ccc(cc1)C(=O)O,Y,2.72505,1.11645,2.54188
AMIXIE,OC(=O)c1ccc(cc1)C(=O)O,Er,1.95306,0.83842,1.95242
AMIYIG,OC=O,Fe,4.51764,1.94778,4.51764
AMIYOM,OC=O,Co,4.47228,1.85575,4.46624
AMIZAZ,OC=O,Ni,4.35273,1.88028,4.35273
AMIZON,OC=O,Cu,4.35196,2.16454,4.35196
AMOBEL,OC=O,Zn,4.50747,1.87299,4.48662
AMOROK,OS(CCCCP(=O)(O)O)(O)O,Sm,2.35877,1.29641,2.3246
AMUCOB,OC(=O)CCCC(=O)O,Ca,4.04145,3.31528,4.04145
AMURUX,OC=O,Mg,4.2686,2.1039,4.2686
ANAYUL,O=C1CC(=O)NC(=O)N1,K,1.69524,1.10391,1.6946
ANAZAS,O=C1CC(=O)NC(=O)N1,Na,1.53711,0.83809,1.49077
APANAI,OC(=O)C(CC(=O)O)(CC(=O)O)O,Na,1.61638,0.77684,1.39852
APEBED,OC(=O)c1ccc(s1)C(=O)O,Zn,3.01071,1.8485,2.96433
AQIROJ,Cc1nnn[nH]1,Zn,4.97281,2.1784,4.96325
AQOLID,n1ncc([nH]1)c1cc(cc(c1)c1c[nH]nn1)c1cnn[nH]1,Co,15.46143,9.59092,15.4431
ARUJED,OC(=O)[C@@H]1C=CN(C=C1)CCCN1C=C[C@H](C=C1)C(=O)O,Mn,4.17005,2.86333,4.17005
ASELIV,Clc1cccc(c1)C1=N[C@H](C(=N1)C(=O)O)C(=O)O,Co,4.93892,1.65648,4.93892
ASEMUG,OC(=O)CN(CC(=O)O)CC(=O)O,La,1.77785,0.93713,1.56776
ATEZIK,OC(=O)c1ccc(cc1)c1cc(cc(c1)c1ccc(cc1)C(=O)O)c1cc(cc(c1)c1ccc(cc1)C(=O)O)c1ccc(cc1)C(=O)O,Lu,9.70566,7.60488,9.70301
ATIJUI,OC(=O)c1ccc(cc1)C(=O)O,Pr,2.42116,1.52432,2.42116
ATIJUJ,OP(=O)(CN1CCC(CC1)C1CCN(CC1)CP(=O)(O)O)O,Co,17.72872,17.62968,17.72872
ATIKET,OC(=O)c1ccc(cc1)C(=O)O,Dy,2.27825,1.14904,2.26396
AVAQET,OC(=O)c1ccc(cc1)C(=O)O,Sm,2.28438,1.15155,2.2142
AVAXIF,OC(=O)[C@H]([C@@H](C(=O)O)CC(=O)O)CC(=O)O,Pb,1.91106,1.11136,1.86818
AVEROJ,[nH]1cnnc1,Cd,7.0096,6.80884,7.0096
AVIHOE,OC(=O)c1cc(cc(c1)C(=O)O)C(=O)O,Tm,5.97132,5.49555,5.97132
AVOFUM,OC(=O)c1ccc(cc1)C(=O)O,Ag,1.32025,0.72471,1.32025
AVUDAX,N1=CNN(C1)Cc1cc(CN2NC=NC2)cc(c1)CN1NC=NC1,Cu,5.77028,3.71558,5.46593
AVUPIR,OP(=O)(CN1CCN(CC1)CP(=O)(O)O)O,Zr,3.83313,3.55395,3.83313
AWAREV,Nc1[nH]nc(n1)N,Zn,4.90839,4.53328,4.90839
AWARIZ,Nc1nnc([nH]1)N,Zn,4.91513,4.53824,4.91513
AWEMUL,OP(=O)(c1ccc(cc1)P(=O)(O)O)O,Na,1.61064,0.92626,1.45054
AWIBAL,OC(=O)c1cc(N)c(cc1N)C(=O)O,Lu,4.59094,3.68543,4.59094
AXIGAR,N#CNC#N,Co,6.09592,3.76413,5.92267
AXIMUP,[O-][n+]1ccc(cc1)CCc1cc[n+](cc1)[O-],La,5.37395,3.20079,5.32146
AYAVON,OC(=O)[C@@H]1O[C@@H]([C@H]([C@H]1C(=O)O)C(=O)O)C(=O)O,Pb,1.28934,0.75891,1.24959
AYIVIO,OC(=O)c1cccc(=O)[nH]1,Cs,2.13126,0.92767,2.11915
AYOREN,OC(=O)c1ccc(s1)C(=O)O,Cd,3.4916,1.46988,3.4916
AZEBUE,OC(=O)c1ccc(s1)C(=O)O,Ho,3.00565,1.6697,2.44799
AZILEA,OC(=O)C1CCN(CC1)CP(=O)(O)O,Pr,3.60514,2.00081,3.20915
AZOCAU,OC(=O)/C=C/C(=O)O,Pr,1.87562,0.69466,1.62175
BAFCAP,CC[C@@H]1c2cc(c(cc2OC)OCC(=O)O)[C@H](C[C])c2cc(c(cc2OC)OCC(=O)O)[C@H](c2cc([C@@H](c3cc1c(OCC(=O)O)cc3OC)C[C])c(OCC(=O)O)cc2OC)CC,Zn,5.02045,3.27172,4.77527
BAFORM,OC=O,Ba,1.48296,0.81186,1.48245
BAHOXH13,OC(=O)C(=O)O,Ba,1.53034,0.66236,1.52257
BAKWIV,O[C@H]([C@@H](C(=O)O)O)C(=O)O,Nd,2.90389,2.00071,2.90389
BALFAV01,n1ccc(cc1)c1ccncc1,Mo,3.29115,2.04867,3.29115
BALLOP,N#CC(c1ccc(cc1)C(C#N)C#N)C#N,Cu,2.17099,1.23509,2.1617
BALZEW,OC(=O)C(CC(=O)O)(CC(=O)O)O,Cs,1.53015,0.59794,1.5239
BAMMOU,C[C@H](c1[nH]nc(n1)[C@H](O)C)O,Cu,11.01746,9.30314,11.01746
BAQMOW,O=C1C(=O)C(=O)C1=O,Mn,5.10365,0.92079,5.10365
BAQMUC,O=C1C(=O)C(=O)C1=O,Zn,4.99748,0.99899,4.48892
BARLEO,OP(=O)(c1ccc(cc1)C(c1ccc(cc1)P(=O)(O)O)(c1ccc(cc1)P(=O)(O)O)c1ccc(cc1)P(=O)(O)O)O,Zr,11.99733,7.22891,8.46924
BASHAF,N#CNC#N,Mn,7.27498,4.28782,7.27364
BASHOT,N#CNC#N,Fe,5.73974,3.56198,5.73974
BAWRUO,OP(=O)(CP(=O)(O)O)O,U,5.80574,3.14155,5.80574
BAXFIR,n1ncn(c1)NNn1cnnc1,Fe,4.18096,3.48207,4.18096
BAYQAU,c1ncc[nH]1,Cd,2.04537,1.2535,1.65294
BAYQAU03,C1=NCC=N1,Cd,2.07973,1.23207,2.06553
BEBFIY,OC(=O)c1ccc(cc1)C(=O)O,Na,1.30458,0.40937,1.25264
BECDAP,O=N(=O)[C@H]1C=C(N(=O)=O)C(=O)C(=C1O)N(=O)=O,K,1.41237,0.7605,1.31274
BEDHOJ,OC(=O)c1ccc2c(c1)[nH]cn2,Ni,4.76295,4.41775,4.75942
BEFKEF,OC(=O)c1[nH]c(nc1C(=O)O)c1ccncc1,Zn,4.15225,3.81661,4.1437
BEKMOW,OC(=O)[C@@H]1CC[C@@H](CC1)C(=O)O,U,4.10103,1.53493,4.09942
BELYIC,CC(=O)O,Mg,2.04954,1.16884,2.04954
BEPMOB,OC(=O)c1c([nH]nc1C(F)(F)F)C(F)(F)F,Cu,4.99288,3.37586,4.99288
BERROH,CCC(=O)Nc1nnn[nH]1,Mn,2.34177,1.32705,2.07896
BESKUI,OC(=O)c1ccc(cc1)C(=O)O,Zr,8.98379,3.85594,8.98377
BESXED,OC(=O)C[C@@H](C(=O)O)O,Cs,1.51269,0.77632,1.43435
BETGEO,n1nnc([nH]1)c1cc(cc(c1)c1n[nH]nn1)c1nnn[nH]1,Ni,15.20475,6.07621,15.20475
BEXQUR,N#CNC#N,Ni,8.07729,5.36514,8.04983
BEZSEG,OC(=O)CCC(=O)O,Co,1.62221,1.25618,1.62221
BIFNOW,OC(=O)C(=O)O,Th,7.5683,6.09082,7.49219
BIMDEF,OC(=O)[C@]12C[C@]3(C[C@@](C2)(C[C@@](C1)(C3)C(=O)O)C(=O)O)C(=O)O,Cu,4.20771,2.88149,4.20771
BINSAV,[nH]1nnc(n1)/C=C/c1[nH]nnn1,Na,1.4201,0.72922,1.09233
BIQNUN,OC(=O)c1c(Br)c(Br)c(c(c1Br)Br)C(=O)O,Ho,2.714,1.06237,2.714
BIQPAV,OC(=O)c1c(Br)c(Br)c(c(c1Br)Br)C(=O)O,Er,2.77017,1.05127,2.77017
BIRGAM,O[C@@H]([C@@H](C(=O)O)O)C(=O)O,Cd,2.74432,1.08779,2.74088
BITLUL,O=C1C(=O)C(=O)C1=O,U,1.50064,0.83533,1.50064
BIVXOT,OP(=O)(CP(=O)(O)O)O,Pr,1.83272,1.00547,1.83272
BIXVEM,n1ncc([nH]1)c1cc(cc(c1)c1c[nH]nn1)c1cnn[nH]1,Cu,15.62938,9.70687,15.62208
BOHJOZ,OC(=O)/C=C/C(=O)O,Zr,7.67934,3.37242,7.67934
BOHXED,OC(=O)c1[nH]nc(c1)C(=O)O,Zr,5.92037,3.45236,5.7603
BOJLOC,[nH]1nnc(n1)Nc1[nH]nnn1,Mn,1.73551,0.83287,1.73373
BOKQEZ,OC(=O)c1ccc(s1)C(=O)O,Mn,6.78872,3.4649,6.78872
BOLGUF,N#Cc1ccc(cc1)C#N,Y,2.38918,1.49855,2.38918
BOMCUB,OC(=O)C(=O)O,In,3.43433,2.96688,3.43433
BONKUK,c1ccncn1,Co,2.29562,1.42367,2.29288
BONWAD,OC(=O)[C@@H]1O[C@@H]([C@H]([C@H]1C(=O)O)C(=O)O)C(=O)O,Zn,3.07987,1.40238,2.8762
BOPWIO,OC(=O)Cc1ccc(cc1)CC(=O)O,Ho,3.15979,1.33189,3.15598
BOQWEK,OC(=O)/C=C/c1cnc[nH]1,Zn,3.00504,2.0454,2.99045
BOWTAJ,OC(=O)[C@@H]1CC[C@@H](CC1)C(=O)O,Eu,3.06129,1.39734,2.2248
BUBVUR,OC(=O)c1c(F)c(F)c(c(c1F)F)C(=O)O,Pb,4.78604,3.94581,4.77507
BUCXUT,Nc1ncn[nH]1,Zn,6.42145,2.85127,6.42145
BUGSIG,OC(=O)C1CCN(CC1)CP(=O)(O)O,Gd,4.27768,3.08405,4.26868
BUKRUW,OC(=O)c1c[nH]nc1,Zn,10.82561,5.19047,9.36373
BUPDUM,N[C@H]1NNC(=S)N1,Cu,9.76326,3.29047,9.75377
BUPVEP,OC(=O)CCC(=O)O,Ce,8.00884,3.79596,8.00884
BUSMUY,n1ccc(cc1)c1[nH]nc(n1)c1ccccn1,Co,7.33956,5.89987,7.33956
BUSMUZ,n1ccc(cc1)c1ccncc1,La,2.43864,1.41512,2.42059
BUSXAP,OC(=O)Cn1cnc2c1cccc2,Mn,2.90435,2.01025,2.90435
BUTCUQ,OC[C@H]([C@@H]([C@@H]([C@H](S(O)(O)O)O)O)O)O,K,1.53541,0.9445,1.53541
BUVHEH,OC(=O)c1ccc(cc1)C(=O)O,Ce,2.94861,1.66535,2.94861
BUVWOF02,n1ccc(cc1)c1[nH]nc(n1)c1ccccn1,Fe,7.02745,5.38839,7.02745
CABQEB,CC(=O)O,Co,3.76441,2.70604,3.70313
CABSIK,C(CN1NC=NC1)CCn1ncnc1,Co,4.72013,1.67643,4.72013
CAFJIF,OC(=O)[C@H]1CC[C@@](C1(C)C)(C)C(=O)O,Nd,3.26854,1.70106,2.76854
CAFORM,OC=O,Ca,1.48155,0.9523,1.36285
CAFRUX,C(Sc1ccccc1)Sc1ccccc1,Ag,5.34223,3.18242,3.89892
CAHMAZ,OC(=O)C(=O)O,Bi,4.94441,3.70036,4.94441
CAJTOX,ONN(C(N(NO)O)N(NO)O)O,K,1.23289,0.33593,0.88999
CAKFEB,OC(=O)Cc1ccc(cc1)CC(=O)O,Gd,3.13385,1.65584,3.11336
CAKFIF,OC(=O)Cc1ccc(cc1)CC(=O)O,Tb,3.14329,1.63827,3.13833
CAKWUI,CN1C=C[C@H](C=C1)c1nnn[nH]1,Mn,2.22146,1.1677,2.22146
CALOXM13,OC(=O)C(=O)O,Ca,1.60933,0.98786,1.51599
CAPQIU,S[C@@H]1C=CNC=C1,Cu,2.23881,1.16956,2.23478
CARGEK,OC(=O)c1cc(cc(c1)C(=O)O)C(=O)O,Bi,2.40848,1.84151,2.13077
CATART03,O[C@H]([C@H](C(=O)O)O)C(=O)O,Ca,2.68763,1.94864,2.68131
CAVMIW,OC(=O)C(=O)O,Fe,3.81852,3.11161,3.81852
CAVSOJ,OP(=O)(CN(CP(=O)(O)O)CCCCCCN(CP(=O)(O)O)CP(=O)(O)O)O,La,4.16281,3.03669,4.05573
CAVYUW,OC(=O)C(=O)O,Ho,1.35199,0.60279,1.33736
CAXTEC,OC(=O)c1c(N)c(N)c(c(c1N)N)C(=O)O,Al,10.87616,5.2725,10.87616
CAXVII,OC(=O)C1=CC(=O)C(=CC1=O)C(=O)O,Fe,11.60324,10.80974,11.60324
CAXVUU,OC(=O)[C@@H]1CC(=O)[C@H](CC1=O)C(=O)O,Fe,8.11536,7.5398,8.11536
CAYBAH,c1cnn[nH]1,Cu,5.32532,4.05815,5.32532
CAYDEN,O(CCc1nnn[nH]1)CCc1nnn[nH]1,Cu,5.04608,4.89052,5.04608
CAZLEV,OP(=O)(CCCCP(=O)(O)O)O,Ag,1.58178,0.91121,1.58178
CDCACD,N#CN=C(N)N,Cd,1.42326,0.86299,1.40987
CEBGAS,O=C(CSc1ccncc1)CSc1ccncc1,Co,4.26718,1.93439,4.26387
CECKIH,OC(=O)C(=O)O,Zn,5.85932,3.92127,5.85932
CECVAI,Oc1ccc(cc1/C=N/NC(N/N=C/c1cc(O)ccc1O)N/N=C/c1cc(O)ccc1O)O,Cu,8.49579,6.02537,8.49579
CEHWIX,OC(=O)c1cnccn1,Ni,3.45519,2.04032,3.35758
CEHXIY,OC(=O)c1cnccn1,Cu,2.03692,0.90985,2.03692
CEHZAR,N1CCNCC1,Cd,2.927,2.47778,2.927
CESPEY,C[C@@H](c1nnn[nH]1)N,Ag,1.68044,0.94693,1.65221
CETKOE,OP(=O)O,Zn,12.93861,12.43437,12.8797
CETNUL,c1cc(nc(c1)n1cnnc1)n1cnnc1,Cd,4.57941,3.60063,4.43763
CEVKET,N#C/C=C\C#N,Cu,1.67894,0.94018,1.67581
CEWQAZ,Nc1nnn[nH]1,Zn,3.55437,1.54213,3.5466
CEXWIM,OC(=O)c1ncccc1C(=O)O,Pr,3.93684,1.37633,3.81319
CEYYIQ,OC(=O)C[C@](C(=O)O)(O)C,U,8.06006,6.77058,8.06006
CICSOW,n1ncn(c1)n1cnnc1,Fe,5.05855,2.53725,5.03787
CICYIX,OC(=O)c1oc(cc(=O)c1)C(=O)O,Cd,2.4289,1.13637,2.4289
CIDNIM,NCCCC[C@@H](C(=O)O)NC(=O)[C@@H](Cc1[nH]cnc1)NC(=O)CN,Cu,7.07613,4.10084,7.05193
CIFGUT,C1N2CN3CN1CN(C2)C3,Ag,1.52229,0.82566,1.52229
CIFHAC,OC(=O)c1c(C)c(C)c(c(c1C)C)C(=O)O,Mn,2.87363,2.06836,2.87363
CIGDUT,OC(=O)c1ccc(s1)C(=O)O,Dy,4.0177,1.49499,2.98405
CIGFAB,OC(=O)c1ccc(s1)C(=O)O,Tb,3.67856,1.48423,3.67479
CIGFEF,OC(=O)c1ccc(s1)C(=O)O,Nd,3.97349,1.71473,3.97326
CIGNAI,OC(=O)c1ncnc(c1)C(=O)O,K,1.32447,0.7499,1.30391
CIGVAS,OC(=O)Cn1c(=O)c2ccc3c4c2c(c1=O)ccc4c(=O)n(c3=O)CC(=O)O,Zn,3.54945,2.40589,3.54486
CIJBEC,C1COCCS1,Ag,2.13156,1.15063,2.13067
CIPMUL,OC(=O)CN1CC(=O)N(CC1=O)CC(=O)O,Eu,3.3218,2.04492,3.2823
CITWOS,Clc1cc(C)c(c(c1)C)O,K,2.18591,1.34663,2.00135
CIYZIU,OC(=O)c1ccc(s1)C(=O)O,Er,1.63168,0.7716,1.63168
CODFEH,OC(=O)C[C@@H](C(=O)O)O,Mn,2.79923,1.88277,2.79923
CODQOD,OC(=O)COc1ccc(cc1)OCC(=O)O,Ce,2.87334,1.84963,2.87272
CODQUJ,OC(=O)COc1ccc(cc1)OCC(=O)O,Sm,2.79227,1.85909,2.78258
COMDOY,OC(=O)c1ccc(cc1)C(=O)O,Ga,6.12704,5.54778,6.12704
COMFEQ,OC(=O)C(=O)O,Gd,2.02668,1.09712,1.74977
COMFIU,OC(=O)C(=O)O,Tb,1.98628,1.16679,1.90738
COMHOC,Nc1[nH]nc(n1)N,Cu,2.31597,0.98577,2.22882
COMVAC,c1nnn[nH]1,Cu,2.34975,1.30229,2.32841
COMVEG,c1nnn[nH]1,Cd,2.76326,1.10773,2.75501
COQMAX,OP(=O)(c1ccc(cc1)P(=O)(O)O)O,V,1.97977,0.89178,1.78235
COVRUC,O=N(=O)C(c1nonc1Oc1nonc1C(N(=O)=O)N(=O)=O)N(=O)=O,K,2.76083,1.60835,2.73105
COWLIK,Nc1nnn[nH]1,Cd,2.30514,1.41729,2.04572
COWMAD,OC(=O)[C@@H]1C[C@@H](C[C@@H](C1)C(=O)O)C(=O)O,Dy,4.79255,3.12418,4.78396
COWMEH,OC(=O)[C@@H]1C[C@@H](C[C@@H](C1)C(=O)O)C(=O)O,Tb,4.81725,3.12402,4.80835
COWMIL,OC(=O)[C@@H]1C[C@@H](C[C@@H](C1)C(=O)O)C(=O)O,Ho,4.73322,3.11591,4.73018
COWMOR,OC(=O)[C@@H]1C[C@@H](C[C@@H](C1)C(=O)O)C(=O)O,Er,4.72015,3.15029,4.6996
COWMUX,OC(=O)[C@@H]1C[C@@H](C[C@@H](C1)C(=O)O)C(=O)O,Tm,4.70998,3.14162,4.69673
COWRUC,FC(c1nnc([nH]1)C(F)(F)F)(F)F,Ag,6.98445,6.67942,6.98445
COXHIH,OC(=O)C(=O)O,Ni,8.57279,8.24745,8.57279
COZGED,O[C@@H]([C@@H](C(=O)O)O)C(=O)O,Na,1.94189,0.73908,1.76617
CUCITD,OC(=O)C(CC(=O)O)(CC(=O)O)O,Cu,2.26192,1.05402,2.15804
CUGLIB,Cc1ncn[nH]1,Ag,7.11862,7.02538,7.11862
CUGQUR,O[C@@H]([C@@H](C(=O)O)O)C(=O)O,Ba,1.22523,0.68611,1.21355
CUGSIH,O[C@H]([C@@H](C(=O)O)O)C(=O)O,Sr,1.74851,1.1716,1.60539
CUGYEK,Cc1[nH]nc(n1)C,Ag,7.53696,7.5047,7.5295
CUGYOU,Nc1[nH]nc(n1)N,Ag,7.99005,7.97636,7.99005
CUIMDZ01,c1ncc[nH]1,Cu,4.56464,4.11986,4.56464
CUMDIY,OP(=O)(CN1CCN(CC1)CP(=O)(O)O)O,La,5.05781,4.25829,5.05781
CUPMAC,C(Cc1ccncc1)Cc1ccncc1,Mn,7.52916,1.86466,7.52916
CUQYEU,Clc1ccc(cc1)c1nc(c([nH]1)C(=O)O)C(=O)O,Pb,2.68344,1.85522,2.67404
CUSBUO,Oc1c(cc(cc1S(O)(O)O)S(O)(O)O)S(O)(O)O,Na,1.6429,0.63918,1.42756
CUSDIE,OC(=O)Cn1cnnc1,Cu,9.22618,5.58479,9.22618
CUTCYM01,N#CC(C#N)C#N,Cu,1.55893,1.21157,1.5582
CUXLEO,N#CC(c1c(F)c(F)c(c(c1F)F)C(C#N)C#N)C#N,Cu,4.56916,3.40748,4.56916
CUXVAT,n1ccc(cc1)Cn1nnc2c1cccc2,Cu,2.2066,1.18689,2.17653
CUYDEG,OC(=O)CSc1nc2c([nH]1)cccc2,Co,4.4929,2.29079,4.47456
DAFYAN,OC(=O)c1c(O)c(O)c(c(c1O)O)C(=O)O,Mg,9.06922,7.21232,8.3445
DAGDEV,OC(=O)[C@@H]1C[C@@H](C[C@@H](C1)C(=O)O)C(=O)O,Mn,1.98942,1.15359,1.77993
DAGGOK,C1CN2CCN1CC2,Ag,2.40582,1.74142,2.40582
DAHNOQ,OC(=O)C(=O)O,Nd,4.40343,3.43541,4.39704
DAHPAE,OC(=O)C(=O)O,Yb,5.00613,3.59286,5.00613
DALXEW,On1nnnc1c1nnnn1O,Pb,5.81027,4.37879,5.81027
DAMYIC,OC(=O)c1cncs1,Cu,2.86004,1.17797,2.86004
DAQRET,OC(=O)/C=C/C(=O)O,Eu,4.58044,1.12858,4.38985
DASTEY01,OC(=O)c1ccc(o1)C(=O)O,Zn,5.75645,3.96249,5.75645
DAWWEF,OC(=O)c1[nH]c(nc1C(=O)O)CN1CN=CN1,Co,5.35556,4.17709,5.35424
DAXKIY,OC(=O)c1ncc(nc1)C(=O)O,In,4.43594,2.97843,4.43594
DAYYIN,C1=NCC=N1,Co,6.74211,4.38331,6.74211
DEGBOI,OC(=O)c1nccnc1C(=O)O,Sm,2.84471,0.93596,2.84414
DEHBEY,OC(=O)/C=C/C(=O)O,Gd,4.54126,1.13149,4.534
DEJJEK,OC(=O)c1cc(C(=O)O)c(cc1C(=O)O)C(=O)O,Sc,4.95312,0.66081,4.95312
DEKGOS,CCCc1[nH]nc(n1)CCC,Cu,4.30833,2.6855,4.30833
DEKLIP,OC(=O)Cc1cc(CC(=O)O)cc(c1)CC(=O)O,Er,2.87207,0.92555,2.865
DEKPAL,OP(=O)(CCP(=O)(O)O)O,Ga,2.95725,1.67917,2.49388
DEKZEA,OC(=O)CCCCC(=O)O,Ba,1.72361,1.01864,1.72361
DENQEV,[C][C@@H](c1nnn[nH]1)N,Cu,2.51234,1.48446,2.3831
DETGIT,O=N(=O)c1c(O)c(N(=O)=O)c(c(c1O)S(O)(O)O)O,K,1.67658,0.61917,1.67357
DETVUW,OC(=O)c1ccc(s1)C(=O)O,In,8.21813,4.646,8.13679
DIBJEF,OS(c1ccc(cc1)/C/1=C/2\C=CC(=N2)/C(=c\2/cc/c(=C(/C3=N/C(=C(\c4[nH]c1cc4)/c1ccc(cc1)S(O)(O)O)/C=C3)\c1ccc(cc1)S(O)(O)O)/[nH]2)/c1ccc(cc1)S(O)(O)O)(O)O,Eu,5.61501,4.2209,4.76126
DIKBAB,Nc1nnc[nH]1,Zn,6.29245,1.20471,6.29245
DINQUM,c1nccnc1C#N,Cu,1.70376,1.09536,1.69698
DIPGAK,Cc1ccncn1,Cu,2.71353,1.20811,2.70428
DIQGUH,OC(=O)c1ccc(cc1)C(=O)O,Ca,1.40194,0.80718,1.1443
DITGUL,[C]N1C=C(CC(=C1)C(=O)O)C(=O)O,Al,6.16589,2.64295,6.0348
DITPON,OC(=O)Cn1cncn1,Mn,2.55775,1.13846,2.5554
DIVGIA,C1CC[Si](C1)(c1ccncc1)c1ccncc1,Ag,5.63742,1.93693,5.60421
DIVMUR,OC(=O)C(=O)O,Er,3.94175,3.3555,3.94175
DIVNAY,OC(=O)C(=O)O,Y,3.95256,3.3686,3.95256
DIXKUR,OC(=O)CSc1nnc(s1)SCC(=O)O,Gd,2.18723,0.92506,2.01261
DIXNUV,n1ncn(c1)NNn1cnnc1,Cu,4.05311,3.25201,4.05311
DIXVUC,OC(=O)Cn1cnnn1,Fe,4.9079,1.83546,4.88873
DOCHIN,O=N(=O)[C@H]1C=NC(=O)C(=C1)N(=O)=O,Cs,1.7327,0.69285,1.18518
DOJTIH,OC(=O)/C=C/C(=O)O,Li,1.29429,0.63448,1.23208
DONKIC,C[C@@H]1c2cc(c(cc2OCC(=O)O)OCC(=O)O)[C@H](C)c2cc(c(cc2OCC(=O)O)OCC(=O)O)[C@@H](c2cc([C@@H](c3cc1c(OCC(=O)O)cc3OCC(=O)O)C)c(OCC(=O)O)cc2OCC(=O)O)C,Co,5.11006,4.16409,5.11006
DONKUO,C[C@@H]1c2cc(c(cc2OCC(=O)O)OCC(=O)O)[C@H](C)c2cc(c(cc2OCC(=O)O)OCC(=O)O)[C@@H](c2cc([C@@H](c3cc1c(OCC(=O)O)cc3OCC(=O)O)C)c(OCC(=O)O)cc2OCC(=O)O)C,Mn,4.35453,2.567,3.9922
DOPHOH,O=C(c1cc(cc(c1)C(=O)N[C@H](C(=O)O)CC(=O)O)C(=O)N[C@H](C(=O)O)CC(=O)O)N[C@H](C(=O)O)CC(=O)O,Cu,7.67577,5.43172,7.67577
DORDUK,OC(=O)[C@H]1CC[C@@](C1(C)C)(C)C(=O)O,In,6.79875,5.76901,6.79875
DORFIA,OC(=O)[C@H]1CC[C@@](C1(C)C)(C)C(=O)O,Ni,2.37577,1.63384,2.37577
DUBTUR,[nH]1cnnc1,Co,3.61352,1.14951,3.13256
DUCHIS,C=CCC#N,Cu,2.02806,1.20419,2.02358
DUCQAU,OC(=O)C(=O)O,Pr,2.45258,1.21595,2.37282
DUJQUW,OC(=O)C(=O)O,Sc,3.54141,2.73851,3.53911
DUKXOY,n1[nH]cc(c1)Cc1c[nH]nc1,Cd,4.68152,1.85173,4.67201
DUQYEU,OC(=O)C(=O)O,Dy,4.73786,4.35217,4.72803
DURGAY01,OC(=O)CCC(=O)O,Na,2.03421,0.79615,2.03421
DUVVOH02,OP(=O)(Cc1ccc(cc1)CP(=O)(O)O)O,Ca,2.14252,1.26833,2.12726
DUWFAE,OS(c1cc(ccc1c1cc(nc(c1)c1cccnc1)c1cccnc1)S(O)(O)O)(O)O,Cd,3.32968,1.25147,3.30588
DUWFEI,OS(c1cc(ccc1c1cc(nc(c1)c1cccnc1)c1cccnc1)S(O)(O)O)(O)O,Ag,1.83288,0.94788,1.83288
DUZNET,OP(=O)(c1ccc(cc1)P(=O)(O)O)O,Li,1.58341,1.04363,1.58341
DUZNIX,OP(=O)(c1ccc(cc1)P(=O)(O)O)O,K,1.72246,0.95233,1.68914
DUZNOD,OP(=O)(c1ccc(cc1)P(=O)(O)O)O,Rb,1.79824,0.92129,1.63411
DUZNUJ,OP(=O)(c1ccc(cc1)P(=O)(O)O)O,Cs,1.7063,1.02821,1.54866
EBEXEQ,OC(=O)c1cc(cc(c1)C(=O)O)C(=O)O,Gd,4.54125,3.69238,4.54125
EBEXIU,[C]/C(=C\[C])/C(=O)O,Gd,4.05581,3.68513,4.05581
EBEZAO,O=C(CC(=O)NCC(=O)O)NCC(=O)O,Ca,2.44126,1.25988,2.35549
EBEZOC,c1ncn(c1)CC(Cn1cncc1)(Cn1cncc1)Cn1cncc1,Ag,1.82974,0.93635,1.81114
EBINUA,C(Cn1ncnc1)CCn1ncnc1,Cu,3.7747,2.28888,3.7747
EBOVOJ,OP(=O)(c1ccc(cc1)C(c1ccc(cc1)P(=O)(O)O)(c1ccc(cc1)P(=O)(O)O)c1ccc(cc1)P(=O)(O)O)O,La,3.27652,1.30464,3.26573
EBUJUI,C(CN1NC=NC1)CCN1NC=NC1,Ni,4.18717,1.69452,3.98515
EBUTEC,OC(=O)[C@H]1CC[C@@](C1(C)C)(C)C(=O)O,Gd,2.3679,1.29311,2.06471
EBUTIG,OC(=O)[C@H]1CC[C@@](C1(C)C)(C)C(=O)O,Tb,2.33755,1.25444,2.0958
EBUTOM,OC(=O)[C@H]1CC[C@@](C1(C)C)(C)C(=O)O,Eu,2.08473,1.31074,2.07123
EBUTUS,OC(=O)[C@H]1CC[C@@](C1(C)C)(C)C(=O)O,Dy,2.39275,1.28017,2.06099
ECEYUH,OC(=O)[C@@H]1CC[C@@H](CC1)C(=O)O,Ni,2.63283,1.31985,2.62875
ECOROD,OC(=O)[C@@H]1C[C@@H](C[C@@H](C1)C(=O)O)C(=O)O,Co,3.75477,1.8063,3.74647
ECUBUA,OC(=O)[C@@H]1[C@@H](C(=O)O)[C@H](C(=O)O)[C@H]([C@@H]([C@H]1C(=O)O)C(=O)O)C(=O)O,Co,2.95539,0.89161,2.95539
ECUCAH,OC(=O)[C@@H]1[C@@H](C(=O)O)[C@H](C(=O)O)[C@H]([C@@H]([C@H]1C(=O)O)C(=O)O)C(=O)O,Mn,2.96725,0.91575,2.96725
ECUDEM,OC(=O)Cc1cc(CC(=O)O)cc(c1)CC(=O)O,Sm,4.43563,2.67081,4.30587
EDAKIE,OC(=O)C[C@H](C(=O)O)O,K,1.99186,1.20373,1.88729
EDAVOV,OC(=O)C/N=C/c1ccccc1O,Cu,5.43059,4.92969,5.43059
EFOREY,O=C1NNC(=O)[C@H]2[C@H]1C[C@@H]1C(=O)NNC(=O)[C@H]1C2,Ba,1.62865,0.74604,1.61301
EGAFOJ,OC(=O)CSCCSCC(=O)O,La,5.4475,2.62933,5.4475
EGEHOO,OC(=O)C1=NC=N[C@@H]1C(=O)O,In,9.43653,6.31102,9.43184
EGOYEF,OS(CCP(=O)(O)O)(O)O,Er,2.00951,0.92138,2.00951
EHAXUG,O=C1C(=O)C(=O)C1=O,Fe,1.21135,0.50952,1.19507
EHOHOY,OP(=O)(CP(=O)(O)O)O,Sb,1.77185,0.95547,1.74564
EJIBOQ,n1ccc(cc1)c1nnc([nH]1)c1cnccn1,Co,7.02978,5.17987,7.02978
EJIROG,NCc1cccc(c1)CN,Zn,1.75187,0.95319,1.71256
EJOPEZ,c1cnc(cn1)c1nnn[nH]1,Hg,2.37353,1.43266,2.36861
EKAZIA,CCCn1cnc2c1NC=N[C@@H]2N,Ag,3.98664,1.74511,3.96639
ELUVEN,Cc1nc(c([nH]1)C(=O)O)C(=O)O,Ba,1.65874,0.8068,1.65275
EMAFAA,Cc1cc(nn1Cc1ccc(c2c1cccc2)Cn1nc(cc1C)C)C,Ag,5.24366,2.00009,5.23981
EMIFOW,c1ncc[nH]1,In,7.56186,4.84974,7.24948
EMIGOX,c1ccc2c(c1)[nH]cn2,In,6.95421,5.10297,6.95421
EMOSOP,OC(=O)[C@H](CC(=O)O)NCc1ccncc1,Cd,3.30742,1.99914,3.29557
ENAMIR,O=C1CC(=O)NC(=S)N1,Tl,1.57005,0.69311,1.56802
ENIZEH,OS(c1ccc(cc1)P(=O)(O)O)(O)O,Sn,2.22905,0.83717,2.14899
EQOCOC,C1=NCC=N1,Zn,4.82787,1.63747,4.82787
EQOCOC01,c1ncc[nH]1,Zn,9.50013,5.48498,9.50013
ERAJAK,N1=Nc2c(=N1)cc1c(=NN=N1)c2,Co,11.32851,10.21444,11.32851
ERFORD01,OC=O,Er,2.0337,0.90044,1.92138
ERIQUS,OC(=O)c1ccc(cc1)C(=O)O,Pb,2.10276,0.7318,2.10183
ESIFET,CC1=N[C@H](C(=N1)C(=O)N)C(=O)N,Cd,8.81257,5.05152,8.69151
ESUMOU,OC(=O)COCC(=O)O,Mn,2.22654,1.65961,2.20169
ETEBOV,OC(=O)c1[nH]c(nc1C(=O)O)c1ccccc1,Sr,2.5435,1.45282,2.52799
ETEVEF,BrC1=C(Br)C(=O)C(=C(C1=O)Br)Br,Rb,2.14782,1.03954,1.71855
ETUFOQ,OS(CCn1cnnc1)(O)O,Ag,3.45695,2.22279,3.41111
ETUSUI,OC(=O)CCC(=O)O,Dy,2.91023,1.61305,2.89364
ETUWEW,OC(=O)C(=O)O,Sm,4.74528,4.39962,4.7381
EVAKIV,C1Cc2nnc3c4c2c(C1)nnc4CCC3,Cu,13.34989,4.00312,13.34989
EVINON,N1=CNN(C1)Cc1ccc(cc1)CN1NC=NC1,Fe,4.74984,2.48063,4.74984
EVUVEX,CN(CC(=O)O)C,Li,3.41487,2.12516,3.41487
EVUVIB,OC(=O)[C@@H]1CCCN1,Li,3.25769,1.30369,3.25769
EWAWEG,Nc1nnn[nH]1,Hg,1.33674,0.71077,1.33674
EWOBAV,c1ccc(cc1)c1[nH]nc(c1c1c([nH]nc1c1ccccc1)c1ccccc1)c1ccccc1,Cu,5.29702,3.06283,5.02906
EXUHUC,Oc1cccc(c1)C1=N[C@H](C(=N1)C(=O)O)C(=O)O,Mn,6.22118,4.0898,6.22118
EYUGEL,OC(=O)CCC(=O)O,Mn,1.60866,1.03461,1.60866
EYUKOZ,OC(=O)[C@@H](P(=O)(O)O)O,Mn,3.80535,2.14841,2.38229
EYULAM,n1ccc(cc1)c1ccncc1,Cd,9.60657,5.98069,9.60657
EYUZUU,[nH]1cnnc1,Zn,2.25889,1.63697,2.23553
EZABOX,Nc1ncn[nH]1,Cd,2.32009,1.72397,2.31727
EZOXEX,OC(=O)CCP(=O)(O)O,V,4.18966,2.6321,3.57412
FAFJAZ,N#CC(c1cc(Cl)c(cc1Cl)C(C#N)C#N)C#N,Cu,1.69,1.20575,1.68681
FAFMEE,O=C1C(=O)C(=O)C1=O,Ni,4.99893,0.98265,4.51312
FAFQEJ01,OC(=O)CC[C@@H](C(=O)O)N,Er,4.83481,3.58298,4.8333
FAGMEI,CC(c1cc2Sc3cc(cc(c3SCCn3cccn3)Sc3cc(cc(Sc4c(c(Sc(c1)c2SCCn1cccn1)cc(c4)C(C)(C)C)SCCn1cccn1)c3SCCn1cccn1)C(C)(C)C)C(C)(C)C)(C)C,Ag,4.74677,3.86448,4.45761
FAGTAJ,OC(=O)[C@@H]1CC[C@H](CC1)C(=O)O,La,3.13647,1.25732,2.37479
FAHBIC,OC=O,Dy,3.99775,2.8263,3.97551
FAHFUR,OC(=O)c1cc(cc(c1)C(=O)O)C(=O)O,Be,6.13487,5.74015,6.11176
FAKLIO,N#CC(c1ccc(cc1)C(C#N)C#N)C#N,Mn,7.2406,2.96276,7.1588
FAKLOU,N#CC(c1ccc(cc1)C(C#N)C#N)C#N,Cd,7.86274,3.15702,7.85888
FAKLUA,N#CC(c1ccc(cc1)C(C#N)C#N)C#N,Zn,8.03276,3.35934,6.70967
FALDEC,N/C(=N\N=C(\c1ccccn1)/N)/c1ccccn1,Cd,1.89605,1.09818,1.67511
FAMHAE,OC(=O)[C@H]1SC[C@H](N1)C(=O)O,Co,2.30852,2.1128,2.30852
FANCIJ,OC(=O)[C@@H]1C=CN(C=C1)Cc1c(C)c(CN2C=C[C@H](C=C2)C(=O)O)c(c(c1C)CN1C=C[C@H](C=C1)C(=O)O)C,Yb,6.45474,5.87002,6.43256
FANDEG,OC(=O)[C@@H]1C=CN(C=C1)Cc1c(C)c(CN2C=C[C@H](C=C2)C(=O)O)c(c(c1C)CN1C=C[C@H](C=C1)C(=O)O)C,Gd,6.66926,5.65996,6.6688
FAPYEA,N#CNc1cc(C)c(cc1C)NC#N,Cu,2.51121,2.44931,2.51121
FAQFEK,Cl[C@@H]1C(=O)C(=O)[C@H](C(=O)C1=O)Cl,Li,1.90083,1.58631,1.90083
FARBIL,OC(=O)c1cc(C)c(cc1C)C(=O)O,V,6.5257,5.85477,6.5257
FAYXAF,OC(=O)C[C@H](C(=O)O)O,Co,2.74658,1.87416,2.74658
FAYXEJ,OC(=O)C[C@H](C(=O)O)O,Ni,2.71401,1.8418,2.7052
FECZEU,O=C([C@H]1CC[C@@](C1(C)C)(C)C(=O)O)Nc1cccnc1,Zn,4.16742,1.66146,4.14921
FEDJUU,OC(=O)[C@@H]1C=CN(C=C1)CCCCN1C=C[C@H](C=C1)C(=O)O,Zn,4.41029,3.63395,3.91214
FEFWIZ,OC(=O)c1ccc(s1)C(=O)O,Eu,2.69385,0.93815,2.69045
FEFWUL,OC(=O)c1ccc(s1)C(=O)O,Gd,2.72441,0.84685,2.72253
FEFXEW,OC(=O)c1ccc(s1)C(=O)O,Sm,2.78099,1.00136,2.77906
FEKBED,N#CNC#N,Cd,9.55207,4.57534,9.4641
FEQQUP,OC(=O)[C@H](Cc1ccc(cc1)O)N,Co,1.90856,0.93616,1.90856
FEQREA,OC(=O)[C@H](Cc1ccc(cc1)O)N,Zn,1.93718,0.9552,1.93718
FEZTEL,OC(=O)c1ccc(s1)C(=O)O,Ca,1.34457,0.81365,1.15382
FIFPES,n1ncn(c1)n1cnnc1,Zn,5.17939,2.96813,5.17939
FIJBUV,O=C1C(=O)C(=O)C1=O,Ag,1.26029,0.51661,0.85507
FIJFAG,OC(=O)[C@]12C[C@]3(C[C@@](C2)(C[C@@](C1)(C3)C(=O)O)C(=O)O)C(=O)O,Zn,1.91206,1.08325,1.90758
FIJYAZ,OC(=O)CCC(=O)O,Pr,2.97708,1.65095,2.97708
FIKQIB,O=P(c1ccccc1)(c1ccccc1)CCP(=O)(c1ccccc1)c1ccccc1,Pb,2.31893,1.41514,2.2318
FIQZIP,OC(=O)CCC(=O)O,Tb,2.87699,1.57643,2.86664
FIQZOV,OC(=O)CCC(=O)O,Gd,1.69772,1.27366,1.6951
FIRGIW,OC(=O)C[C@@H](C(=O)O)N,Zn,1.82343,1.0798,1.72845
FIRZAJ,O[C@H]([C@H](C(=O)O)O)C(=O)O,Mn,3.24021,1.09636,3.24021
FITFEW,NCC(=O)NCC(=O)N[C@H](C(=O)O)C[C@@H]1C=NC=N1,Zn,5.08877,4.02347,5.07084
FITGUL,[O-][n+]1ccc(cc1)c1cc[n+](cc1)[O-],Sc,3.21069,2.16654,3.21069
FITMAW,OC(=O)CN(NC(=O)N)CC(=O)O,Pb,2.11406,1.16819,2.09239
FITZOX,O1CCOCC1,Na,4.78203,1.70041,4.78203
FIVJAW,c1ccncn1,Cu,1.62998,0.95329,1.62998
FIWJIG,CC(C[C@@H](C(=O)O)NCc1ccc(cc1)CN[C@H](C(=O)O)CC(C)C)C,Cu,6.45458,3.10601,6.44878
FIXVEQ,OC(=O)c1ccc(o1)C(=O)O,Ce,4.76026,3.66114,4.73689
FIXVIU,OC(=O)c1ccc(o1)C(=O)O,Nd,5.57759,4.31726,5.56118
FIXYET,OC(=O)c1ccc(o1)C(=O)O,Pr,4.67546,3.50826,4.66226
FIXYIX,OC(=O)c1ccc(o1)C(=O)O,Eu,4.66438,3.68176,4.65726
FOBYAX,OS(c1cccc2c1cccc2S(O)(O)O)(O)O,Ba,1.81553,1.05565,1.76143
FOHCAH,OC(=O)COc1ccc(cc1)OCC(=O)O,Mg,2.13298,1.19736,2.11393
FORWUF,OC(=O)[C@@H]1CC[C@H](CC1)C(=O)O,Fe,2.36156,1.43782,2.35213
FOSRIP,Nc1ccc(cc1)NNc1ccc(cc1)S(O)(O)O,Ag,2.08586,1.36471,1.85187
FOTPEJ,Fc1ccc(cc1)S,Cd,2.91448,1.63162,2.91448
FOVPAJ,O=C(c1cc(cc(c1)C(=O)NCCc1ccccn1)C(=O)NCCc1ccccn1)NCCc1ccccn1,Ag,2.91599,1.40004,2.02432
FUCTAY,c1ccc2c(c1)nccn2,Cu,4.32828,1.20948,4.10481
FUQREQ,OC(=O)/C=C/C(=O)O,Nd,2.70474,1.16742,2.70474
FUQRIU,OC(=O)/C=C/C(=O)O,Sm,2.72383,1.14206,2.72383
FUVDEH,OC(=O)c1ccc(cc1)n1cnc2c1cc1ccccc1c2,Zn,8.19393,7.856,8.19393
FUWXOL,[nH]1nnc(n1)C1=NC=N[C@@H]1c1[nH]nnn1,Zn,4.7749,4.42015,4.75646
FUXCOS,N#Cc1ccc(s1)c1ccc(s1)c1ccc(s1)C#N,Ag,4.8198,4.16045,4.8198
FUYCOT,OC(=O)c1ccc(cc1)C(=O)O,Zn,13.28546,7.41782,13.12394
GACTIQ,OS(c1ccc(cc1)c1ccc(cc1)c1ccc(cc1)S(O)(O)O)(O)O,Na,1.7389,1.08466,1.7389
GAFORM11,OC=O,Gd,0.84889,0.57004,0.84598
GAFRAI,OC(=O)COCC(=O)O,Pb,2.80229,1.051,2.04584
GAFXIV,OC(=O)CCC(=O)O,Y,2.90622,1.59383,2.90622
GAGQAI,n1nnc([nH]1)c1cc(cc(c1)c1n[nH]nn1)c1nnn[nH]1,Fe,15.22387,2.92894,15.22387
GAHKIJ10,N#C/N=C(/C(=C)C)\C=C,Cu,2.11179,2.01924,2.11179
GAJZEY,OC(=O)C1CCN(CC1)CP(=O)(O)O,Nd,4.26966,3.31829,4.26094
GAJZIC,OC(=O)C1CCN(CC1)CP(=O)(O)O,Sm,4.25016,3.28487,4.21872
GAKSOB,OS(c1cccc2c1cccc2S(O)(O)O)(O)O,Ag,1.39836,0.73047,1.39836
GAMFAE,O=c1c2ccc3c4c2c(c(=O)n1c1c(C)n[nH]c1C)ccc4c(=O)n(c3=O)c1c(C)n[nH]c1C,Cu,7.56967,4.20884,7.56967
GAMTEU,OC(=O)Cc1cc(CC(=O)O)cc(c1)CC(=O)O,Ce,4.52625,2.67576,4.43638
GANGEJ02,[C]/C(=C(/C(=O)O)\[C])/C(=O)O,Eu,2.69084,1.01556,2.1391
GAQYIH,C1N2CN3CN1CN(C2)C3,Cd,16.8907,8.08624,16.8907
GAWMOI,O[C@H]([C@H](C(=O)O)O)[C@H]([C@@H](C(=O)O)O)O,Tb,3.94752,2.62342,3.92757
GEKQUI,O=N(=O)C1=C[C@@H](C(=O)C=C1)N(=O)=O,K,1.96166,0.9204,1.95613
GELDUZ,OC(=O)[C@@H](P(=O)(O)O)O,Zn,4.93641,4.56441,4.91695
GELPES,N#Cc1ccccc1,Cu,2.06613,1.13605,1.96596
GENGEL,OC(=O)CCCC(=O)O,K,2.0293,1.08051,2.00715
GETTIJ,OC(=O)CN(CC(=O)O)CCN(CC(=O)O)CC(=O)O,Ca,2.68877,1.39488,2.67634
GEVKID,OC(=O)[C@@H]1CC[C@H](CC1)C(=O)O,Cd,2.75441,1.32477,2.49303
GEWWIQ,NCCCN1CCN(CC1)CCCN,Cd,2.21368,1.17996,2.21212
GIDKOU,OC(=O)C1=NC=N[C@@H]1C(=O)O,Zn,2.38703,1.24966,2.34567
GIFFAE,OC(=O)c1[nH]nnc1C(=O)O,Sm,3.82458,2.39001,3.82458
GIFFEI,OC(=O)c1[nH]nnc1C(=O)O,Eu,3.80373,2.37194,3.80373
GIGBAB,CN1CCNCC1,Cu,2.38365,1.20944,2.10372
GIJMOB,O=C1NS(=O)(=O)c2c1c(O)ccc2,Na,1.76378,0.87401,1.76264
GIKBEK,OC(=O)/C=C/c1c2ccccc2c(c2c1cccc2)/C=C/C(=O)O,Ba,2.26623,1.26699,2.19045
GIKPIB,F[Si](F)(F)(F)(F)F,Cu,8.24789,7.67433,8.24756
GIPCIU,OC(=O)Cc1ccc(cc1)CC(=O)O,Y,3.11543,1.49455,3.11011
GIRHIZ,C=CCn1cnc2c1ncnc2N,Ag,4.35067,2.15677,4.35067
GITTIN,O=N(=O)c1ncc[nH]1,Co,11.24192,3.73006,11.24192
GITTOT,[C]c1ncc[nH]1,Co,11.41484,3.34486,11.41484
GITVIP,Clc1[nH]cnc1Cl,Zn,17.00426,5.45561,17.00426
GIXNAF,OP(=O)(Cc1cc(cc(c1)CP(=O)(O)O)CP(=O)(O)O)O,Cd,1.90837,0.97347,1.8901
GIXVOZ,OC(=O)CN(CC(=O)O)CC(=O)O,Eu,3.00198,1.27373,2.98724
GLALCU10,C[C@@H](C(=O)O)NC(=O)CN,Cu,2.71694,1.60671,2.71372
GOJDOZ,OC(=O)[C@@H]1[C@H](C(=O)O)[C@H]([C@H]1C(=O)O)C(=O)O,U,3.80908,2.42426,3.80908
GUDFER,OC(=O)/C=C\C(=O)O,Rb,1.94441,1.5627,1.94441
GUDFIV,OC(=O)CCC(=O)O,Rb,1.95155,0.77034,1.81598
GUKYUI,OC(=O)CN1C=CN(C1)Cc1ccc(cc1)CN1C=CN(C1)CC(=O)O,Ca,5.98821,5.23348,5.98821
GUPBEZ,C1CN2CCN1CC2,Cu,7.29165,4.38283,7.03043
GUPBOJ01,CC1=NCC=N1,Cd,5.55255,3.87626,5.46785
GUPCOK01,CCc1ncc[nH]1,Cd,2.42965,1.34905,2.42641
GUPCUQ,O=N(=O)C1=NCC=N1,Cd,3.47477,1.45471,3.47477
GUPCUQ01,O=N(=O)c1ncc[nH]1,Cd,12.5822,3.83148,12.5822
GUSNEN01,OC(=O)c1ccc(cc1)C(=O)O,Cr,2.99212,2.78584,2.99212
GUTNUG,[C]c1cc(cc(c1)P(=O)(O)O)P(=O)(O)O,Gd,3.54017,2.14153,3.54017
GUTPAO,[C]c1cc(cc(c1)P(=O)(O)O)P(=O)(O)O,Tb,3.54023,2.13418,3.54023
GUTPES,OP(=O)(c1cccc(c1)P(=O)(O)O)O,Dy,4.29545,3.10417,4.29545
GUTYAW,OS(CCS(O)(O)O)(O)O,Sr,1.27109,0.74016,1.10438
GUWHEM,c1ccc(nc1)c1ncn[nH]1,Cu,2.56606,1.47292,2.56606
GUXLIU,OP(=O)(CCP(=O)(O)O)O,Al,3.30137,1.48756,3.20752
HACPOR,NCCN,Cd,2.0984,1.01528,2.09812
HACVAI,OC(=O)CN(CC(=O)O)CCN(CC(=O)O)CC(=O)O,Na,1.43476,0.8203,1.43042
HAHPIQ,c1ccc(cc1)c1[nH]nc(n1)c1ccccc1,Ag,9.53782,8.62412,9.53782
HAJTEU,OC=O,Tb,3.46252,2.11426,3.43905
HAJVAS,OC=O,Ho,3.47298,2.1057,3.45574
HAJVUM,OC=O,Tm,3.34247,2.06929,3.34247
HAJWOH,OC=O,Yb,3.44246,2.07282,3.42878
HAJXAU,OC=O,Lu,3.40931,2.05041,3.40931
HAJXIC,OC=O,Y,3.47697,2.09437,3.47697
HAKXEX,OP(=O)(Cc1ccc(cc1)CP(=O)(O)O)O,Ga,1.77691,1.31895,1.77691
HAKYOH,OC(=O)C(=O)O,Pb,2.78749,1.77026,2.78396
HAVXUZ,c1ncn(c1)c1ccc(cc1)n1cncc1,Ni,6.80217,1.62788,6.80217
HAWZEK01,OC(=O)CN(CC(=O)O)CC(=O)O,K,2.27679,1.22788,2.27679
HAYZAL,[nH]1nc2c(n1)cc1c(c2)Oc2c(O1)cc1c(c2)[nH]nn1,Fe,19.18041,18.55228,19.1523
HEBZEV,ClC1=N[C@H](C(=N1)C(=O)N)C(=O)N,Zn,7.73968,3.68294,7.73968
HEFSUJ,OP(=O)(Cc1cc(cc(c1)CP(=O)(O)O)CP(=O)(O)O)O,U,6.02956,5.0786,5.99748
HEJQAR,c1cnn[nH]1,Cd,6.46286,4.74052,6.46286
HEJQEV,c1cnn[nH]1,Mn,6.17422,4.49653,6.17422
HEJQIZ,c1cnn[nH]1,Zn,5.89045,4.27137,5.89045
HELFAI,OC(=O)c1cc(cc(c1)C(=O)O)C(=O)O,La,7.5404,6.14215,7.52863
HELNAQ,OC(=O)c1ccc(cc1)C(=O)O,Yb,7.58835,4.07192,7.57808
HEPLIA,OC(=O)CSc1c2Sc3cc(cc(c3SCC(=O)O)Sc3cc(cc(Sc4c(c(Sc1cc(c2)C(C)(C)C)cc(c4)C(C)(C)C)SCC(=O)O)c3SCC(=O)O)C(C)(C)C)C(C)(C)C,Mn,2.52768,1.40554,2.42114
HIDCOM,Oc1ccccc1,Na,2.12927,1.08737,2.12927
HIFMEP,N#CNC#N,Cu,7.21695,6.63822,7.21109
HIFZAY,n1ccc(cn1)c1ccnnc1,Cu,5.54975,4.26019,5.54975
HIHQOE01,OC(=O)[C@@H](NCc1ccccc1O)C,Cu,2.18423,1.28629,2.17766
HIKHAM,CCc1nnc([nH]1)CC,Ag,3.24896,1.12313,3.23647
HIQLAW,COc1cc(ccc1O)S(O)(O)O,K,1.84773,0.85738,1.84773
HIQXEM,OC(=O)c1ccc(cc1)N(=O)=O,Cs,1.60111,1.21834,1.58795
HOFXOP,Oc1ccccc1/C=N/CCCC/N=C/c1ccccc1O,Ag,3.94151,1.33,3.94151
HOPMOQ,O=C1CC(=O)NC(=S)N1,Rb,1.53091,0.91894,1.53089
HOPMUW,O=C1CC(=O)NC(=S)N1,Cs,1.64175,1.04732,1.61015
HOPVEP,OC(=O)c1[nH]nnc1C(=O)O,Pr,3.63541,2.30787,3.63321
HOPVIT,OC(=O)c1[nH]nnc1C(=O)O,Nd,3.58574,2.25335,3.58036
HORCOH,OC(=O)c1nc(cnc1C(=O)O)C(=O)O,Yb,3.21952,1.80763,3.11354
HOTPOW,OC(=O)CCC(=O)O,Sm,1.77675,1.30322,1.77675
HOWPEQ,n1ncn(c1)n1cnnc1,Ag,5.50159,4.28704,5.49668
HOXGIL,O=C(Nc1cccnc1)NCCN(CCNC(=O)Nc1cccnc1)CCNC(=O)Nc1cccnc1,Li,3.78416,1.46928,3.78416
HOYCEF,OC(=O)[C@@H]1[C@H](C(=O)O)[C@H](C(=O)O)[C@@H]([C@@H]([C@@H]1C(=O)O)C(=O)O)C(=O)O,Li,2.2683,1.30153,2.26507
HOZDAD,OP(=O)(c1ccc(cc1)P(=O)(O)O)O,Al,1.73355,0.9076,1.73355
HOZQOD,C1N2CN3CN1CN(C2)C3,Co,1.63476,0.93065,1.61586
HUBHAO,OC(=O)Cc1ccc(cc1)CC(=O)O,Co,1.3348,0.76011,1.28273
HUCMOH,Oc1cc(cc(c1O)S(O)(O)O)S(O)(O)O,Ba,2.99007,0.95317,2.82209
HUFYIS,OC(=O)CCC(=O)O,U,3.57788,2.76933,3.57788
HUHJAW,C(Cc1nnn[nH]1)CCc1nnn[nH]1,Cd,3.68509,2.05357,3.68509
HUPTOB,OC(=O)c1nccnc1C(=O)O,Eu,3.95094,1.1708,3.93843
HUSPOB,n1ncn(c1)CCn1cnnc1,Mo,2.53939,1.29313,2.49994
HUYQAU,OP(=O)(CN1CCN(CC1)CP(=O)(O)O)O,Zn,3.21689,1.32417,3.20871
ICUDOC,OC(=O)C#CC(=O)O,Li,2.18363,0.92495,2.16175
IDAXIW,OC(=O)[C@H]([C@H](C(=O)O)CC(=O)O)CC(=O)O,Sr,1.85739,0.70674,1.8067
IDUQUT,OC(=O)CCC(=O)O,Ni,6.41308,1.7868,6.41308
IDUWAH,OP(=O)(Cc1cc(CP(=O)(O)O)c(cc1CP(=O)(O)O)CP(=O)(O)O)O,La,2.63742,1.85002,2.21864
IFACIC,OC(=O)CCC(=O)O,Ho,2.88343,1.59505,2.88343
IFEKIO,Nc1[nH]nc(n1)N,Cd,1.82505,1.14499,1.79026
IGIZEF,[C]C(P(=O)(O)O)(P(=O)(O)O)O,Sr,4.69926,3.5008,4.69926
IGOCOX,n1nc2c(n1)cc1c(c2)[nH][nH]n1,Zn,12.16287,2.57823,11.97698
IHAVIW,OC(=O)CCP(=O)(O)O,Fe,2.19813,1.14206,2.19578
IJOMAW,OC(=O)C(CC(=O)O)(CC(=O)O)O,Ag,1.62872,0.74177,1.61866
IJOVEJ,OC(=O)c1ccc(cc1)C(=O)O,Sr,1.7557,0.96987,1.73908
IKOQII,N[C@@H]1C[C@H](N)C[C@@H](C1)N,Ag,4.83665,3.16343,4.83665
ILAMAK,CC(c1c(C(n2cncc2)n2cncc2)c(C(C)C)c(c(c1C(n1cncc1)n1cncc1)C(C)C)C(n1cncc1)n1cncc1)C,Co,4.0992,1.22822,3.00419
ILIFOY,O[C@H]([C@H](C(=O)O)O)[C@H]([C@@H](C(=O)O)O)O,La,5.50655,4.36117,5.50655
ILIFUE,O[C@H]([C@H](C(=O)O)O)[C@H]([C@@H](C(=O)O)O)O,Ce,5.46522,4.30978,5.46522
ILIGAL,O[C@H]([C@H](C(=O)O)O)[C@H]([C@@H](C(=O)O)O)O,Pr,5.39267,4.21833,5.39267
ILIMOH,n1ccc(cc1)c1[nH]nc(n1)c1ccccn1,Ni,7.40423,5.70962,7.40423
ILUFEB,n1ncn(c1)[C@]12C[C@@H]3C[C@H](C1)C[C@](C2)(C3)n1cnnc1,Cd,4.77541,3.15616,4.77541
IMIRUS,CN1c2ncnc(c2)N(C)c2ncnc(c2)N(c2cc(N(c3cc1ncn3)C)ncn2)C,Cu,6.52353,1.14349,6.52353
INEBOT,OC(=O)c1ccc(cc1)Cn1c(CN(Cc2nc3c(n2Cc2ccc(cc2)C(=O)O)cccc3)CCN(Cc2nc3c(n2Cc2ccc(cc2)C(=O)O)cccc3)Cc2nc3c(n2Cc2ccc(cc2)C(=O)O)cccc3)nc2c1cccc2,Ni,5.72825,2.43636,5.59098
INOJAX,OC(=O)C1=NC=N[C@@H]1C(=O)O,Pr,2.69779,1.3517,2.6873
IPABIL,N#Cc1nnn[nH]1,Na,1.93976,1.02057,1.50685
IPOWOA,OC(=O)[C@@H]1[C@H](C(=O)O)[C@H](C(=O)O)[C@@H]([C@@H]([C@@H]1C(=O)O)C(=O)O)C(=O)O,Cu,4.16604,1.82981,4.16358
IPUSER,Oc1ccc(c2c1nccc2)S(O)(O)O,K,1.6493,0.92029,1.58954
ISIYUF03,O1[C@@H]2[C@H]1O2,Er,3.92286,2.40369,3.89721
ITIBET,OC(=O)c1[nH]nnc1C(=O)O,Cd,3.01159,2.10494,3.01159
IWELIG,O=C1NCN=C2[C@H]1N=CN2,Co,4.68882,4.51802,4.68453
IWIMOR,O=C1c2ccc(cc2C(=O)c2c1cc(cc2)S(O)(O)O)S(O)(O)O,Sr,1.98153,0.98127,1.8901
IXEDUK,[O-][n+]1ccc(cc1)c1cc[n+](cc1)[O-],Yb,8.83948,6.75629,8.83948
IXITAK,[C]C1([C])Cc2nnc3c4c2c(C1)nnc4CC(C3)([C])[C],Cu,6.97268,5.77203,6.97268
IYUQAV,N#C[C@@H]1C(=C(C(=C1C#N)C#N)C#N)C#N,Na,1.2944,0.80616,1.29321
IZETUE,C1N2CN3CN1CN(C2)C3,Cu,6.43175,3.35585,6.43175
JABYUH,N[C@H](C(=O)NCC(=O)O)C(C)C,Cu,2.29471,1.74097,2.24688
JACJIH,OC(=O)C(=O)O,Ti,3.14491,0.87903,3.14491
JADLOP,OC=O,Li,2.62651,1.31295,2.62651
JALTUL,NCCN,Li,4.54107,3.68666,4.49534
JAMLEP,Nc1cccnc1,Cd,2.25567,0.92062,2.25017
JASMOG,OC(=O)c1c(F)c(F)c(c(c1F)F)C(=O)O,Zn,7.62262,6.06468,7.62262
JAWXEN,N#Cc1[nH]cnc1C#N,Cu,4.27585,3.81579,4.27585
JECFOP,O=N(=O)C(c1nonc1NNc1nonc1C(N(=O)=O)N(=O)=O)N(=O)=O,Ag,2.05899,1.17786,1.78267
JEFROE,OP(=O)(Cc1cc(CP(=O)(O)O)c(cc1CP(=O)(O)O)CP(=O)(O)O)O,Pr,2.23483,1.62318,2.00828
JEFRUK,OP(=O)(Cc1cc(CP(=O)(O)O)c(cc1CP(=O)(O)O)CP(=O)(O)O)O,Ce,2.34286,1.79923,2.15584
JEGWUQ,[nH]1nc2c(n1)cc1c(c2)Oc2c(O1)cc1c(c2)[nH]nn1,Cu,16.42739,14.48029,16.42739
JEHCUX,OP(=O)(CN(CP(=O)(O)O)CP(=O)(O)O)O,Rb,1.9829,0.84126,1.9829
JEHTOG,C(CCn1ncnc1)CCCn1ncnc1,Zn,4.35956,1.69085,4.35956
JERXAI,O=N(=O)NN(=O)=O,Ag,1.13675,0.66222,1.03529
JEXPEI,OP(=O)(CCP(=O)(O)O)O,Ni,1.78794,1.08663,1.74885
JIHROH,N#CC(C#N)C#N,Zn,1.62914,1.21457,1.61976
JITQEJ,OC(=O)[C@H]1CC[C@@](C1(C)C)(C)C(=O)O,Cd,4.95216,1.54714,4.85967
JIVHIG,CC(c1ccccc1O)C,K,5.59499,1.49783,5.56581
JIZWAS,OC(=O)[C@@H]1CC[C@H](CC1)C(=O)O,Al,4.85025,4.06454,4.85025
JOBKOC,c1ccc(nc1)c1nnc([nH]1)c1nnc[nH]1,Fe,3.23338,1.58045,3.20538
JOFKIA,Nc1nnc([nH]1)C(=O)O,Cu,6.76729,5.14173,6.76729
JORQOY,Cc1[nH]nc(c1c1c(C)n[nH]c1C)C,Ag,6.21853,2.37228,6.16116
JUQTOG,OC(=O)[C@@H]1C=NC=N1,Co,7.0124,3.08649,7.0124
KALCOQ,OC(=O)CCC(=O)O,Eu,1.79144,1.30709,1.78844
KAPHAL,OC(=O)C#CC(=O)O,Ce,2.59268,1.49605,2.43513
KDGLUC01,O[C@@H]([C@H](C(=O)O)O)[C@H]([C@@H](C(=O)O)O)O,K,1.27563,0.68437,1.23917
KEDJAG,OC(=O)C(=O)O,Cu,5.61338,4.40406,5.55816
KEFWAV,OC(=O)c1ccc(o1)C(=O)O,Co,4.19377,3.45896,4.18142
KEGYAX,OC(=O)[C@@H]1[C@H](C(=O)O)[C@H](C(=O)O)[C@@H]([C@@H]([C@@H]1C(=O)O)C(=O)O)C(=O)O,Ag,3.18433,1.5348,2.90062
KEHDOS,n1ncn(c1)[C@]12C[C@@H]3C[C@H](C1)C[C@](C2)(C3)n1cnnc1,Ag,4.08176,3.30481,3.94024
KEHFUA,n1ncn(c1)[C@]12CN3C[C@@](C2)(C[C@@](C1)(C3)n1cnnc1)n1cnnc1,Cu,4.92862,3.41735,4.92862
KEHWAY,O[C@@H]1[C@H](O)[C@H](O[C@H]1n1ccc(=O)[nH]c1=O)COP(=O)(O)O,K,1.98881,0.79404,1.87015
KEKLEU,OC(=O)[C@H](COP(=O)(O)O)N,Co,1.65439,0.75223,1.36539
KENXUZ,c1ccc(nc1)N/N=C/c1ccc(cc1)N(c1ccc(cc1)/C=N/Nc1ccccn1)c1ccc(cc1)/C=N/Nc1ccccn1,Ag,6.07889,4.26634,5.43442
KERTUZ,N#CC(C(=C(C#N)C#N)C(=O)c1ccc(cc1)Br)C#N,Cs,2.35214,1.10131,2.1748
KEYZIZ,Cc1nnn[nH]1,Cu,2.16736,1.28769,1.92442
KHMALA03,OC(=O)/C=C\C(=O)O,K,1.5151,0.5388,1.43546
KHOXAL03,OC(=O)C(=O)O,K,0.93461,0.23311,0.93461
KIDVIE,OC(=O)C(=O)O,La,5.19582,3.59752,5.19582
KIHXUX,OC(=O)c1ccc(cc1)/C/1=C\2/C=CC(=N2)/C(=c\2/cc/c(=C(\C3=N/C(=C(\c4[nH]c1cc4)/c1ccc(cc1)C(=O)O)/C=C3)/c1ccc(cc1)C(=O)O)/[nH]2)/c1ccc(cc1)C(=O)O,Ti,7.51938,5.17017,7.50867
KIJVOR,OC(=O)c1ccc(o1)C(=O)O,Tb,3.71065,2.28692,3.69158
KITZAR,OC(=O)/C=C/C=C/C(=O)O,La,3.48474,1.38383,3.48474
KIVVOC,OC(=O)c1c(C)c(C)c(c(c1C)C)C(=O)O,Cd,3.34051,2.47762,3.30668
KIZCOO,c1ncn(c1)c1cc(n2cncc2)c(cc1n1cncc1)n1cncc1,Ag,5.14304,3.56893,5.12754
KOMGEZ,n1ncn(c1)n1cnnc1,Cd,4.91912,2.50868,4.71249
KOSFOP,OC(=O)[C@H]1CC[C@@](C1(C)C)(C)C(=O)O,Pr,2.33303,1.34647,2.33092
KOSFUV,OC(=O)[C@H]1CC[C@@](C1(C)C)(C)C(=O)O,Y,2.67039,1.45036,2.67039
KOSGAC,OC(=O)[C@H]1CC[C@@](C1(C)C)(C)C(=O)O,Er,2.64771,1.47857,2.60103
KOSGIK,OC(=O)[C@H]1CC[C@@](C1(C)C)(C)C(=O)O,Ho,2.64549,1.47366,2.58315
KOSGUW,OC(=O)[C@H]1CC[C@@](C1(C)C)(C)C(=O)O,Yb,2.58825,1.44417,2.58825
KOSLIP,OC(=O)[C@@H]1C[C@H](C(=O)O)C(=O)CC1=O,Ni,11.06099,9.73081,11.06099
KOTBOM,OC(=O)[C@H]1CC[C@@](C1(C)C)(C)C(=O)O,Sm,2.39522,1.28146,2.09655
KUHRAI,O=C1CC(=O)NC(=S)N1,Ba,1.55636,1.04018,1.55636
KULRIT,OC(=O)[C@@H]1C[C@@H](C[C@@H](C1)C(=O)O)C(=O)O,Yb,4.89806,2.03359,4.79223
KUVMIZ,n1ccc(cc1)C#Cc1ccc(cc1)[Si](c1ccc(cc1)C#Cc1ccncc1)(c1ccc(cc1)C#Cc1ccncc1)c1ccc(cc1)C#Cc1ccncc1,Cu,15.03912,11.00764,15.03912
KUZHAQ,O[C@@H]1CO[C@@H]([C@H]([C@@H]1O)O)O,Cs,2.18277,0.88411,2.00765
KVIOLD01,ON=C1C(=O)NC(=O)NC1=O,K,1.65545,0.68621,1.65545
LAFMOX,S=c1n(CCCCn2ccn(c2=S)C)ccn1C,Ag,3.85256,1.58791,3.84396
LALGIQ,OC(=O)CC(=O)O,Sn,2.74218,1.227,2.73797
LALXON,OC(=O)[C@H]1CC[C@@](C1(C)C)(C)C(=O)O,Co,2.74528,1.35617,2.21536
LAQJUI,c1nnn[nH]1,Ag,1.78665,0.98884,1.78665
LARNAV,OC(=O)/C=C/c1ccc(cc1)/C=C/C(=O)O,Dy,3.00584,1.70814,3.00584
LARNIE,OC(=O)c1ccc(o1)C(=O)O,Mn,4.62596,4.14329,4.62016
LARVIL,C1CNCCNC1,Cu,7.31657,7.08359,7.31657
LARYEK,OC(=O)c1ccc(cc1)C(=O)O,Eu,1.96691,1.35859,1.94865
LAVYEP,n1ccc(cc1)N(c1ccncc1)Cc1ccc(cc1)CN(c1ccncc1)c1ccncc1,Ag,6.12635,4.6628,6.12635
LAVYOX,O=C1NC(=O)C(C(=O)N1)C1(O)C(=O)NC(=O)NC1=O,Cs,2.34265,0.85827,2.20976
LAWSEJ,OC(=O)[C@@H]1[C@@H](C(=O)O)[C@H](C(=O)O)[C@H]([C@@H]([C@H]1C(=O)O)C(=O)O)C(=O)O,Ba,1.73782,0.60922,1.15471
LAXMOP,c1[nH]nc(n1)c1nnn[nH]1,Mn,4.10769,3.37716,4.10631
LELMIA,OC(=O)c1ccc(s1)C(=O)O,Sr,2.38529,1.49042,2.38529
LEPKOH,O=c1[nH]c(=O)[nH]c(=O)[nH]1,K,2.78083,0.6237,2.78083
LETVUB,n1ccc(cc1)c1ccncc1,Cu,4.95993,3.1555,4.93542
LEZTIW,OC(=O)c1cc(c(cc1O)O)S(O)(O)O,Li,2.19747,0.92309,2.19747
LIBNIU,OC(=O)c1ccc(s1)C(=O)O,Co,1.78577,0.83956,1.71446
LIBZIG,OC(=O)/C=C/C(=O)O,Tb,5.4058,4.68277,5.4058
LICDOX01,O1CCOCC1,Li,1.89669,0.97998,1.88598
LINGAQ,C(Cn1cncc1)CCn1cncc1,Mn,4.79505,1.77524,4.79505
LIRNUW,OC(=O)[C@H]1CC[C@@](C1(C)C)(C)C(=O)O,Mn,2.83076,2.13211,2.49877
LIRPAE,OC(=O)[C@H]1CC[C@@](C1(C)C)(C)C(=O)O,Mg,2.55292,1.87321,2.25947
LISUCC01,OC(=O)CCC(=O)O,Li,2.81615,1.46208,2.81615
LIVTEP,N#Cc1cc(C#N)c(cc1C#N)C#N,Cu,5.05172,4.27745,5.04927
LIVWUK,N#CC(=C(C#N)C#N)C#N,Li,2.21801,1.21119,2.21801
LOFKEY,O=C(Nc1ccncc1)NCCN(CCNC(=O)Nc1ccncc1)CCNC(=O)Nc1ccncc1,K,3.44931,1.47347,3.44931
LOMQOV,OC(=O)c1ccc(cc1)C(=O)O,Co,2.48817,1.4683,2.45044
LONVAN,N1=Nc2c(=N1)cc1c(=NN=N1)c2,Mn,9.10218,6.36714,9.10218
LORFED,N#CC(C#N)C#N,Cr,1.64154,1.25191,1.64067
LORGAA,N#CC(C#N)C#N,Co,1.57974,1.15909,1.57954
LOSKUA,OC=O,Nd,0.92909,0.64137,0.91338
LOSYAV,OC(=O)c1ccc(s1)C(=O)O,Mg,3.82707,1.83307,3.82707
LUGLUU,n1ccc(cc1)c1nnn[nH]1,Zn,1.93154,1.44106,1.92519
LUGTUD,n1nnn(c1)CCn1cnnn1,Ni,1.69326,0.84947,1.61389
LULHUW,OC(=O)/C=C/C=C/C(=O)O,Ni,2.43698,2.11251,2.43366
MADVUJ,S1Cc2ccc(cc2)CSCc2ccc(C1)cc2,Cu,5.31249,4.69983,5.31249
MAGCEE,N#CC(NNC(C#N)(C)C)(C)C,Fe,2.69629,1.57054,2.69419
MAGKIP,OC(=O)[C@@H]1[C@@H](C(=O)O)[C@@H]([C@H]1C(=O)O)C(=O)O,Cd,2.04339,1.52543,2.03284
MAKSAT,OC(=O)C(=O)O,Tl,1.14567,0.51194,1.01081
MAPFIS,Oc1ccc(cc1)O,Ti,5.59648,4.1824,5.56831
MAQDUD,OC(=O)c1ccc(cc1)C(=O)O,Li,1.42761,0.93063,1.37847
MAQJUK,[C]c1nnn[nH]1,Cu,4.59555,1.98974,4.59545
MAQRAA,OC(=O)c1ccc(s1)C(=O)O,Cu,6.14385,5.50274,6.14385
MARLID,OC(=O)C/C=C/CC(=O)O,La,3.79554,1.98167,3.79393
MARLUP,OC(=O)C/C=C/CC(=O)O,Ce,3.79653,2.94246,3.79653
MAWBUK,OC(=O)c1c(N)c(N)c(c(c1N)N)C(=O)O,Ti,11.47278,3.81305,11.47278
MAXDUM,OP(=O)(c1ccc(cc1)P(=O)(O)O)O,Pr,1.80981,1.08367,1.80871
MAXFEY,OP(=O)(c1ccc(cc1)P(=O)(O)O)O,Ce,1.73498,0.9924,1.72401
MAXFOI,OP(=O)(c1ccc(cc1)P(=O)(O)O)O,Nd,1.98569,1.23548,1.98025
MAXFUO,OP(=O)(c1ccc(cc1)P(=O)(O)O)O,Sm,1.73318,0.96628,1.73318
MAXHOJ01,Nc1nnc([nH]1)N,Ag,7.81574,7.80243,7.81574
MAYXUG,O[C@H]([C@H](C(=O)O)O)C(=O)O,Er,3.72688,2.87134,3.72688
MEGVAY,CC(=O)O,Li,4.70761,1.53035,4.69655
MEKVAA,NCCN,Mn,1.8943,0.96413,1.86027
MESGEX,c1ccncn1,Ag,3.89926,1.8021,3.89926
MEWNEH,OC(=O)c1c(C(=O)O)c(C(=O)O)c(c(c1C(=O)O)C(=O)O)C(=O)O,Tm,4.01881,3.05934,4.01295
MEYDUP,OC(=O)C[C@@H](C(=O)O)O,Li,1.66313,0.84053,1.66297
MEYFOL,OC(=O)C[C@@H](C(=O)O)O,Ba,2.15038,0.73444,2.13517
MIFPUO,OC(=O)c1cc(cc(c1)n1cnc2c1cccc2)n1cnc2c1cccc2,Ni,6.70296,5.88092,6.70296
MIHHIU,COc1ccc2c(c1)c(ccn2)[C@H]([C@@H]1C[C@@H]2CCN1C[C@@H]2C(=O)O)O,Cd,5.23062,3.47968,5.22793
MIHHIV,c1ccc2c(c1)[nH]cn2,Zn,15.29838,2.89131,15.29838
MINKAX,OC(=O)[C@@H](n1c(=O)c2cccc3c2c(c1=O)ccc3)C,K,1.72802,0.94543,1.71018
MINKOL,OC(=O)[C@@H](n1c(=O)c2cccc3c2c(c1=O)ccc3)C,Na,2.20531,0.89136,2.19071
MINVUA,OC(=O)[C@@H]1CC[C@H](CC1)C(=O)O,Cr,7.0069,6.54349,7.0069
MISKUV,[nH]1cnnc1,Mn,3.07545,1.19647,3.06527
MIVCAW,s1p2sp3p1p3s2,Cu,1.83063,0.92291,1.31045
MOFFES,n1ccc(cc1)c1ccncc1,Fe,1.58317,0.96099,1.37815
MOXGAI,Cc1[nH]nc(c1Cc1c(C)n[nH]c1C)C,Zn,3.41614,1.87932,3.41557
MOYVIG,OC(=O)c1cc(cc(c1)C(=O)O)C(=O)O,Tl,2.05091,1.2372,1.62488
MUDLIH,[C]c1nnn[nH]1,Cd,9.95948,2.75078,9.88202
MUDTIP,CSc1c(C(=O)O)c(SC)c(c(c1SC)C(=O)O)SC,Pb,7.1502,5.62529,7.1502
MUPTAU,n1ncn(c1)NNn1cnnc1,Zn,4.18189,3.50733,4.16678
MUYKOH,OC(=O)CC(CC(=O)O)CC(=O)O,Gd,3.14734,1.45574,3.1211
NADKEK,[C][C@H]1CN(CCN1CP(=O)(O)O)CP(=O)(O)O,Y,6.65973,3.49109,6.65973
NAFQIV,OC(=O)COCC(=O)O,Co,1.87017,0.91271,1.84854
NAFUMA11,OC(=O)/C=C/C(=O)O,Na,1.54648,0.71533,1.54648
NAGBOO,OC(=O)c1nccnc1C(=O)O,Zn,3.58507,2.01784,3.58507
NALYEG,OC(=O)c1cc(cc(c1)C(=O)O)C(=O)O,U,10.92136,10.0452,10.92136
NAOXAL,OC(=O)C(=O)O,Na,0.4642,0.0,0.4642
NEGXIJ,O=C([C@@H]1CCCN1C(=O)CNC(=O)c1cccnc1)N1CCC[C@H]1C(=O)Nc1cccnc1,Ag,11.43849,10.77498,11.43849
NEWPUB,OC(=O)C/C(=C\C(=O)O)/C(=O)O,Cd,2.82031,1.02221,2.74375
NIBPUM,OC(=O)[C@@H]1SC2=C(S1)S[C@@H](S2)C(=O)O,Zn,17.28941,9.15283,17.2863
NICZAA01,c1ncn(c1)Cc1c(Cn2cncc2)c(Cn2cncc2)c(c(c1Cn1cncc1)Cn1cncc1)Cn1cncc1,Cd,5.41994,3.81716,5.41947
NIRBOG,C(Cn1cncc1)CCn1cncc1,Ni,4.7221,1.82863,4.7221
NIRCUO,O[C@H]([C@@H](C(=O)O)O)C(=O)O,Li,1.72786,0.95917,1.47277
NIWQIV,OC(=O)c1ccc(cc1)C(=O)O,Ni,1.7015,0.7947,1.69943
NIYJAI,CC(c1cc2Sc3cc(cc(c3OCc3cccnc3)Sc3cc(cc(Sc4c(c(Sc(c1)c2OCc1cccnc1)cc(c4)C(C)(C)C)OCc1cccnc1)c3OCc1cccnc1)C(C)(C)C)C(C)(C)C)(C)C,Cd,5.86863,4.46882,5.70658
NOBLUM,OC(=O)CSc1nnc(s1)SCC(=O)O,Cd,1.67075,0.98773,1.665
NOCKOG,OC(=O)c1ccc(cc1)C(=O)O,Mg,2.63749,1.33685,2.5467
NUHBIC,OC(=O)Cc1ccc(cc1)CC(=O)O,Mn,1.41136,0.84485,1.39675
NUHDIE,CCc1[nH]nc(n1)CC,Ag,2.62849,1.46027,2.05661
NUYNAY,OC(=O)[C@@H]1CC[C@H](CC1)C(=O)O,Ti,5.32239,2.78524,5.32239
OBAHAD,OC(=O)c1ccc(cc1)c1[nH]c(nc1c1ccc(cc1)C(=O)O)c1ccccn1,Zn,8.93665,7.73253,8.92333
OBOHOE,OC(=O)c1nccnc1C(=O)O,Ca,1.86104,0.88129,1.83259
ODAJIO,O[C@H]([C@H](C(=O)O)O)C(=O)O,Eu,1.86254,0.92258,1.7898
OFERUN01,Cc1ncc[nH]1,Zn,2.41475,1.57523,2.40073
OFUCEZ,OC(=O)/C=C/C(=O)O,Ce,4.92552,4.17212,4.92319
OGALAK,OC(=O)c1[nH]nc(c1)C(=O)O,K,1.67362,0.65087,1.64872
OKINUS,OC(=O)[C@@H]1[C@@H]2C=C[C@H]([C@@H]1C(=O)O)[C@H]([C@H]2C(=O)O)C(=O)O,K,2.33368,0.87688,1.5727
OKIPEE,OC(=O)[C@@H]1[C@@H]2C=C[C@H]([C@@H]1C(=O)O)[C@H]([C@H]2C(=O)O)C(=O)O,Cs,2.15324,1.14182,2.15324
OLURUI,OC(=O)c1nccnc1C(=O)O,In,3.94106,3.13113,3.9357
OPUFAH,OC(=O)[C@H](P(=O)(O)O)O,Ba,1.46645,0.60873,1.03453
ORONOA,OC(=O)C(CC(=O)O)(CC(=O)O)O,K,1.14636,0.14453,1.14636
OTARUX,N#CNc1cc(Cl)c(cc1Cl)NC#N,Ag,2.78238,2.72137,2.78028
OWITAQ,O=C1CC(=O)C(=O)CC1=O,Zn,7.59357,5.35845,7.59357
OXIKUD,OP(=O)(CN(CP(=O)(O)O)CP(=O)(O)O)O,K,2.10026,0.89523,1.76425
PADBAZ,OC(=O)CCN(CCC(=O)O)CCC(=O)O,Nd,7.26771,4.31077,7.26771
PADROD,OC(=O)COCC(=O)O,Ag,1.47535,1.00786,1.46406
PAXSEM,N#CC(C#N)C#N,Mn,1.69656,1.29573,1.69539
PEBGIP,OC(=O)Cc1ccc(cc1)CC(=O)O,Dy,3.1553,1.42265,3.13007
PEGBAG,Cc1nnc([nH]1)Cc1[nH]nc(n1)C,Zn,4.42914,3.59275,4.41193
PEJDUF,OC(=O)c1nccc(c1)CCCc1ccnc(c1)C(=O)O,Pb,3.34787,2.42435,3.34787
PEMGAR,CC(c1cc2Sc3cc(cc(c3OCc3ccccn3)Sc3cc(cc(Sc4c(c(Sc(c1)c2OCc1ccccn1)cc(c4)C(C)(C)C)OCc1ccccn1)c3OCc1ccccn1)C(C)(C)C)C(C)(C)C)(C)C,Ag,5.53446,5.14008,5.53446
PEWZAS,OC(=O)CCC(=O)O,Ag,1.25013,0.59299,1.23833
PEYCON,N#CC(C(=O)C)C(=O)C,Cd,2.48922,1.34909,2.48922
PIBZUY,OC(=O)c1ccc(o1)C(=O)O,Al,5.68999,4.34947,5.56311
PIGXAF,OC(=O)C(=O)O,Cd,4.48459,2.94041,4.48459
PIHRUU,O[C@@H]([C@@H](C(=O)O)O)C(=O)O,Mg,2.53379,1.86621,2.53379
PIRGEE,OC(=O)CCCCCCCCCCC(=O)O,Sr,2.77809,0.95812,2.77809
PIRMOU,N#CC1=C(C#N)C(=O)C(=C(C1=O)Cl)Cl,Rb,1.84093,1.15705,1.73024
PIRNAH,N#CC1=C(C#N)C(=O)C(=C(C1=O)Cl)Cl,Cs,1.87302,0.99841,1.72626
PIZPET,OC(=O)/C=C/C(=O)O,Y,3.98335,3.49034,3.98335
PIZPIX,OC(=O)/C=C/C(=O)O,Er,3.95125,3.48236,3.95071
POBGAQ,n1ccc(cc1)/C=C/c1ccc(cc1)C(c1ccc(cc1)/C=C/c1ccncc1)(c1ccc(cc1)/C=C/c1ccncc1)c1ccc(cc1)/C=C/c1ccncc1,Fe,12.09539,9.86984,12.08508
PORZUT,OC(=O)c1nccnc1C(=O)O,Gd,3.88555,1.15971,3.84831
POSBAC,OC(=O)c1nccnc1C(=O)O,Tb,3.92907,1.17423,3.83704
POXLEV,OC(=O)c1ccc(cc1)C(=O)O,Th,3.44743,2.66617,3.27401
PUHLEL,OC(=O)C(C(=O)O)(O)O,Cu,7.16977,5.17297,7.14058
PUNSIB,OC(=O)CN1C=CN(C1)CC(=O)O,La,5.01625,3.57988,5.01579
PUPVEB,OC(=O)C(=O)O,Sr,1.65752,1.13211,1.65752
PURPUO,OS(CCCS(O)(O)O)(O)O,Pb,2.01203,1.07442,2.01203
PUTYAE,c1cnc2c(n1)c1nccnc1c1c2nccn1,Ag,5.68489,5.32613,5.67884
PUWVEJ,n1ccc(cc1)/C=N/c1cccc2c1cccc2/N=C/c1ccncc1,Ag,5.15439,1.94613,5.15439
QAMJEU,n1cnn(c1)CCn1ncnc1,Cd,3.93849,3.27687,3.9267
QANYAG01,OC(=O)c1cc(cc(c1)N(=O)=O)N(=O)=O,Na,1.61658,1.04951,1.61658
QATBAQ,CN(C(=Nc1cc(N=C(N(C)C)N(C)C)c(cc1N=C(N(C)C)N(C)C)N=C(N(C)C)N(C)C)N(C)C)C,Ag,2.8731,1.15529,2.8447
QATPUX,O=C1C(=O)C(=O)C1=O,Co,4.24654,4.03539,4.24654
QEKDOA,OC(=O)CN(CC(=O)O)CC(=O)O,Er,2.35389,1.70429,2.35123
QEMMOL,OC=O,Sm,0.89131,0.61164,0.87538
QEMYEM,C[C@@H](C(=O)N[C@H](C(=O)O)C(C)C)N,Cu,2.57211,1.1962,2.51495
QIHLEB,OC(=O)[C@@H]1C=CN(C=C1)Cc1cc(CN2C=C[C@H](C=C2)C(=O)O)cc(c1)CN1C=C[C@H](C=C1)C(=O)O,Eu,5.23451,3.60504,5.19704
QIJFAT,n1[nH]cc(c1)c1c[nH]nc1,Co,6.1475,5.64459,6.14706
QIMFEA,OC(=O)c1ccc(o1)C(=O)O,Mg,8.07946,6.88023,7.60683
QIQFUT,OC(=O)c1cc(c(cc1C(=O)O)C(=O)O)S(O)(O)O,K,1.45491,0.53431,1.45491
QIQVOE,c1ccc(cc1)SCC#CCSc1ccccc1,Cu,2.44175,1.2235,2.37701
QOSXAY,OP(=O)(CN1CCN(CC1)CP(=O)(O)O)O,Ni,9.10764,8.88845,9.10442
QOVXEG,c1ccc2c(c1)[nH]cn2,Co,5.45138,2.17083,5.45138
QOZYUA,CC(=CC[C@H]1C(=O)C(=O)c2c(C1=O)cccc2)C,Mn,2.47829,1.89109,2.33777
QQQDSD01,OC(=O)C(=O)O,Rb,1.8122,0.78099,1.8061
QUHMEN,OS(=O)(=O)O,Gd,1.52021,0.74667,1.45291
QUZVEO,OC(=O)c1ccc(o1)C(=O)O,Dy,6.70188,4.7405,6.65677
RABVOF,c1ncc[nH]1,Ag,2.22492,0.91398,1.9631
RASXIT,OC(=O)C1=NC=N[C@@H]1C(=O)O,Eu,4.34867,1.91055,4.08405
RAZYIC,C1Cc2nnc3c4c2c2C1CCc1c2c2c4C(CC3)CCc2nn1,Cu,7.88308,6.20534,7.88308
RBTCNQ12,N#CC(c1ccc(cc1)C(C#N)C#N)C#N,Rb,1.84058,1.22231,1.72094
REKWUB,C[C@H]([C@@H](C(=O)O)C)C(=O)O,Mn,2.20311,1.75689,2.20311
REMJOJ,OC(=O)c1ncccc1C(=O)O,Pb,2.69174,0.52406,1.24351
RIBZOS,OC(=O)/C=C/C(=O)O,Ho,4.47712,1.09554,4.46146
RICHER,OC(=O)[C@@H]1CCC[C@@H](C1)C(=O)O,Pb,3.57063,1.51021,3.57063
RIFPEB,[O-][n+]1cc[n+](cc1)[O-],Mn,1.45537,0.90197,1.43869
RIFQIG,OC(=O)C(=O)O,Ce,1.41676,0.81303,1.41613
RISJEK,OC(=O)CN(CP(=O)(O)O)CP(=O)(O)O,Zr,2.72479,1.64374,2.64847
RISXAT01,OC(=O)c1ccc(cc1)C(=O)O,Ho,2.60783,1.54578,2.1498
RUGGOR,OC=O,Eu,1.43916,0.96566,1.43916
RUYGEY,OC(=O)c1ccc(cc1)C(=O)O,Sn,2.0221,0.72686,2.01209
RUZCIA,COc1ccc(cc1C(=O)O)c1ccc(c(c1)C(=O)O)OC,Ca,2.32996,1.35984,2.02843
SAHTIF,N#CC(C#N)C#N,Fe,1.62125,1.21111,1.62125
SAJSAY,OC(=O)C1CCN(CC1)CP(=O)(O)O,Mn,2.40231,0.80147,2.39881
SAQSAF,S=c1[nH]c(=S)[nH]c(=S)[nH]1,Cu,1.68977,0.91902,1.68977
SCFORM01,OC=O,Sc,2.11637,0.97525,2.05963
SEMMIJ,OC(=O)c1ccc(s1)C(=O)O,Zr,22.81418,14.88441,22.81418
SEZCIM,CCCC1=N[C@H](C(=N1)C(=O)O)C(=O)O,Co,2.56488,1.22684,2.51413
SIBCAK,OC(=O)CN1CC(=O)CC(=C1)C(=O)O,Pb,2.66799,1.76677,2.66799
SIGNEC,O=N(=O)[C@@H]1C(=C(N(=O)=O)C(=O)C(=C1O)N(=O)=O)O,Cs,1.63408,0.82977,1.63408
SIJPUX,OP(=O)(CCP(=O)(O)O)O,Ba,1.46879,0.67508,1.09664
SINXET,OC(=O)C[C@@H](C(=O)O)N,Eu,4.93341,3.81593,4.93341
SIVGAH,[C]c1nnn[nH]1,Zn,5.67692,3.84951,5.65073
SIVJAI,OC(=O)C#CC(=O)O,Mn,1.55806,0.87714,1.55806
SIVSOH,C(Cn1cncc1)CCn1cncc1,Fe,5.26253,2.4934,5.21349
SIWGUB,OC(=O)[C@@H]1CC[C@H](CC1)C(=O)O,Cu,4.9855,3.53509,4.9855
SIYGIT,OC(=O)c1nccnc1C(=O)O,Dy,3.1397,2.04163,3.13767
SOGSAJ,OC(=O)c1[nH]nnc1C(=O)O,K,1.23415,0.41058,1.21947
SOHYEV,O[C@H]([C@H](C(=O)O)O)C(=O)O,Cs,1.50333,0.86499,1.50333
SOKWAS,OC(=O)c1ccc(s1)C(=O)O,U,1.95713,1.25585,1.93316
SOTMUK,Cc1nnc([nH]1)C,Ag,1.87751,1.2049,1.85823
SOVWOR,CSc1ccc(cc1)C#Cc1cc(ccc1OCC(COc1ccc(cc1C#Cc1ccc(cc1)SC)C(=O)O)(COc1ccc(cc1C#Cc1ccc(cc1)SC)C(=O)O)COc1ccc(cc1C#Cc1ccc(cc1)SC)C(=O)O)C(=O)O,Pb,5.84631,1.98016,5.80208
SOWWUY,OC(=O)CCCCCC(=O)O,Cs,2.32818,1.17584,2.32818
SRFORA04,OC=O,Sr,1.27579,0.79848,1.14037
SUQHUJ,OC(=O)c1ccc(o1)C(=O)O,In,7.02225,4.08623,7.02225
SUXYOA,[O-][n+]1cc[n+](cc1)[O-],Er,4.22707,2.45409,4.2235
TACPAP,O[C@H]([C@H](C(=O)O)O)[C@@H]([C@@H](C(=O)O)O)O,Zn,6.1901,6.07392,6.1901
TARQAF,OC(=O)c1cc(ccc1O)S(O)(O)O,Cs,2.4388,1.08926,2.22457
TASJUT,C[C@H](c1nccnc1)N/N=C(\C(=N/N[C@H](c1nccnc1)C)\c1ccccc1)/c1ccccc1,Ag,4.86587,4.0363,4.85893
TATBUO,OS(c1cccc2c1cccc2S(O)(O)O)(O)O,Y,2.42118,1.02245,2.41632
TAVDAY,OP(=O)(c1cc(cc(c1)P(=O)(O)O)c1cc(cc(c1)P(=O)(O)O)P(=O)(O)O)O,Y,3.52163,2.00461,3.51172
TEBDAI,O=C1C(=O)[C@@H](n2ncnc2)C(=O)C(=O)[C@H]1n1ncnc1,Mn,2.56879,1.61864,2.56159
TEDPIC,N#CC(=C1C(=O)C(=C(C#N)C#N)C(=O)C1=O)C#N,Rb,1.8574,0.8682,1.8487
TEDWIL,C(CCn1ccnn1)CCn1ccnn1,Fe,4.37497,1.88469,4.37497
TEPWOD,OC(=O)c1ccc(cc1)C(=O)O,Hf,7.64761,3.71421,7.64761
TEYKOA,n1nnc([nH]1)c1cc(cc(c1)c1n[nH]nn1)c1nnn[nH]1,Cr,15.40941,9.6534,15.40941
TEYREW,OC(=O)CCC(=O)O,Tm,2.87356,1.57858,2.87356
THOXLB03,OC(=O)C(=O)O,Cs,1.8022,0.95077,1.78696
TILFUQ,OC(=O)C#CC(=O)O,Tl,1.53189,1.0587,1.53189
TOBHAT,OP(=O)(c1ccc(cc1)P(=O)(O)O)O,Cu,2.32324,1.19996,2.32324
TOJVUJ,OP(=O)([C@@H]1CC[C@H](CC1)P(=O)(O)O)O,Zn,2.12634,1.41886,2.12324
TOLPEQ,O=N(=O)c1nnn[nH]1,Cs,1.28569,0.76622,1.24634
TOLPIU,O=N(=O)c1nnn[nH]1,Rb,1.6326,0.70619,1.6326
TUFSEU,CC([C@@H]1P=PC(=P1)C(C)(C)C)(C)C,Cu,7.39064,1.22309,7.38682
UDEPOK,OC(=O)C1=NC(=N[C@@H]1C(=O)O)c1ccccn1,Pb,2.68089,1.44101,2.64163
UDESIG,O=N(=O)[C@H]1C=C(N(=O)=O)C(=O)C(=C1O)N(=O)=O,Rb,1.57791,0.7908,1.33545
UFIJOK,S=c1[nH]c(=S)[nH]c(=S)[nH]1,Rb,1.44352,0.78857,1.44352
UFIKAX,S=c1[nH]c(=S)[nH]c(=S)[nH]1,Cs,1.76064,0.90885,1.76064
UFIRUX,OC(=O)c1ccc(cc1)C(=O)O,In,3.56507,1.92938,3.23481
UFOBAV,c1cnn[nH]1,Fe,5.08875,3.74077,5.08875
UGUNOZ,Oc1ccc(c2c1nccc2)S(O)(O)O,Na,1.63389,0.74158,1.63389
UGUXAV,OC(=O)CCC(=O)O,Cd,4.02254,3.27151,4.02254
UNIWEV,OC(=O)c1ccc(cc1)c1ccc(cc1)P(=O)(O)O,Hg,2.25053,1.83663,2.24421
URUWAH,CC1(C)c2nc3cc4[nH]nnc4cc3nc2C(c2c1nc1cc3[nH]nnc3cc1n2)(C)C,Cu,8.22766,7.29133,8.22766
UVIKIU,OC(=O)Cc1ccc(cc1)CC(=O)O,Pb,3.23352,1.44343,3.23352
VABJIS,N#CCCC#N,Ag,4.14215,4.05323,4.14215
VAPBAR,OC(=O)CN1CCN2CCN(CC(=O)O)Cc3ccc(cc3)CN(CCN(CCN(Cc3ccc(C1)cc3)CC(=O)O)CCN(Cc1ccc(CN(CC2)CC(=O)O)cc1)CC(=O)O)CC(=O)O,Eu,6.37466,3.61215,5.29105
VASGII,OC(=O)/C=C/c1c(C)c(/C=C/C(=O)O)c(c(c1C)/C=C/C(=O)O)C,In,8.62656,6.17315,8.60685
VATXEU,OC(=O)C(=O)O,U,7.38612,5.95802,7.38612
VEGCAN,OC(=O)c1sc2c(c1)sc1c2sc(c1)C(=O)O,Hf,24.54558,8.98152,24.54558
VESBEC,OS(=O)(=O)O,La,1.44841,0.85145,1.42962
VESBIG,OS(=O)(=O)O,Nd,1.51205,0.76691,1.24684
VESBOM,OS(=O)(=O)O,Ce,1.4685,0.80021,1.21699
VESBUS,OS(=O)(=O)O,Eu,1.51684,0.80152,1.50209
VESCED,OS(=O)(=O)O,Pr,1.51486,0.78918,1.48615
VIDPIJ,OC(=O)c1[nH]nnc1C(=O)O,Mn,5.6798,3.199,4.30687
VINMUD01,N=CNC#N,Cd,6.28916,4.19857,6.28781
VIXGAM,OC(=O)C(=O)O,Zr,3.56488,1.74078,3.56488
VOBQIO,OC(=O)c1ccc(cc1)C(=O)O,Mn,7.36413,5.40039,7.35485
VOCTOW,OC(=O)CC(=O)O,Ba,1.69856,1.00964,1.28775
VODLEG,N#CC(C(=O)C(C#N)C#N)C#N,K,2.02831,1.47784,1.73113
VOKBUU,CCc1nnc(n1c1cc(NC(=O)c2cc(C)cc(c2)C)cc(c1)C(=O)O)C,Ag,5.42836,3.47087,5.40638
VUQKOI,CN(C1=NC(=NP(N1)(Oc1ccncc1)Oc1ccncc1)N(C)C)C,Cd,6.64617,4.58778,6.63291
VUZTIT,N#CNC#N,Pb,1.47915,0.75339,1.47899
WEMYOC,CCCN,Cu,1.97809,0.87461,1.97809
WEQMEL,n1ccc(cc1)COc1cc(OCc2ccncc2)cc(c1)OCc1ccncc1,Hg,2.00568,1.18885,1.95834
WESYEZ,n1ncc2c(c1)cnnc2,Ag,4.99345,4.53917,4.99345
WEVYEE,OC(=O)c1cc(cc(c1)C(=O)O)C(=O)O,Al,8.34244,3.65846,8.34244
WEXGIR01,OC(=O)c1cc(cc(c1)C(=O)O)C(=O)O,Ba,2.41848,1.69466,2.41428
WEZWUU,OC=O,In,5.32199,2.26676,4.20024
WIFGOJ,Cc1nnn[nH]1,Cd,10.01543,2.45519,9.96234
WIHQEM,S=C1N=CC=NC1=S,Cu,4.2283,3.58224,4.22231
WILGEE,n1ccc(cn1)c1ccnnc1,Ag,4.98643,3.68201,4.98642
WILNEL,C(Cn1nncn1)Cn1nncn1,Fe,5.014,3.55982,4.9896
WILNIP,C(CN1NN=CN1)CN1NN=CN1,Fe,4.47964,2.36576,4.42171
WIRMUH,C1N[C@@H]2[C@H](N1)C[C@H]1[C@@H](C2)NCN1,Cu,6.39925,3.94504,6.39925
WOBCAT,OC(=O)CN1CC(=O)N(CC1=O)CC(=O)O,La,3.378,1.56463,3.33861
WODQOW,Nc1ncn[nH]1,Co,6.34478,1.16568,6.34478
WULBEM,OC(=O)c1ccc(cc1)N(=O)=O,K,1.55877,1.00098,1.55877
WULBIQ,OC(=O)c1ccc(cc1)N(=O)=O,Rb,1.61065,1.04748,1.60038
WUWQUB,c1ccc(cc1)NNc1nccn1Cn1ccnc1NNc1ccccc1,Zn,6.78044,3.25071,6.78044
WUXYIZ,O=C(c1ccc(cc1)C(=O)N[C@H](C(=O)O)CC(=O)O)N[C@H](C(=O)O)CC(=O)O,Na,2.36478,1.61353,2.3576
XAHROQ,N#CC1=NC=N[C@@H]1C#N,Cu,4.44177,3.73481,4.31617
XAHZEM,O[C@H]([C@H](C(=O)O)O)C(=O)O,Rb,1.81983,0.55314,1.80909
XAMDOF,c1ncn(c1)CCn1cncc1,Zn,4.14285,3.29533,4.1371
XANMUX04,C1C[C@@H](CC[C@@H]1n1cnnc1)n1cnnc1,Cu,8.11716,7.85164,8.1162
XEDPIH,c1ncc2c(n1)[nH]cn2,Zn,4.8376,3.91791,4.82707
XEFGUN,OC(=O)c1ccc(cc1)C(=O)O,Cd,2.58504,1.42751,2.571
XEGQEG,OP(=O)(CCP(=O)(O)O)O,Li,1.72884,0.81305,1.72884
XEJVAL,OC(=O)c1[nH]cnc1C(=O)O,Sr,1.39035,0.65205,1.36695
XESKAJ,OP(=O)(CN1CCN(CC1)CP(=O)(O)O)O,Mg,9.6559,9.12796,9.6559
XESKUD,OP(=O)(CN1CCN(CC1)CP(=O)(O)O)O,Fe,9.50892,8.96231,9.50892
XEXLIX,OC(=O)c1ccc2c3c1c(ccc3c(=O)n(c2=O)c1ccncc1)C(=O)O,Zn,7.0378,6.6458,7.00792
XEZVIJ,OC(=O)CCC(=O)O,Yb,2.85967,1.56469,2.84877
XILXOH,OC(=O)CN(CP(=O)(O)O)CC(=O)O,Sr,1.85365,0.85565,1.56066
XITDAH,OC(=O)[C@@H]1[C@@H](C(=O)O)[C@@H]([C@H]1C(=O)O)C(=O)O,Na,1.40395,1.05672,1.40017
XOGGOR,OC(=O)C1=CN(C=CC1)Cc1ccc(cc1)CN1C=CCC(=C1)C(=O)O,Mn,3.06463,1.2507,3.05456
XOVQUU,O=C1NC(=O)N=C(C1)C(=O)O,Gd,1.81011,0.97607,1.70464
XUKJEU,OC(=O)CN1C=C[C@H](C=C1)C(=O)O,Pb,2.44828,1.17483,2.44181
XUKKET,OC(=O)C#CC(=O)O,Sr,1.64789,1.14275,1.64789
XUNJIA,OC(=O)[C@]12C[C@@H]3C[C@H](C1)C[C@](C2)(C3)C(=O)O,Mn,3.17649,2.86899,3.17253
YAXBUV,OC(=O)c1ccc(cc1)C(=O)O,Fe,2.90847,1.80574,2.87941
YEJXUI,NCCCCP(=O)(O)O,Zn,1.96001,1.27591,1.91278
YEPLAG,OC(=O)C(=O)O,Hg,0.85486,0.35583,0.77485
YESXOM,OC(=O)c1ncc[nH]1,Zn,10.86914,3.61325,10.86914
YEYBOV,CCO[P@@](=O)(c1cc(c2c3c1ccc1c3c(cc2)c(cc1[P@@](=O)(OCC)O)[P@](=O)(OCC)O)[P@@](=O)(OCC)O)O,Ba,4.79847,4.18485,4.79847
YEYMAQ,OP(=O)(CCP(=O)(O)O)O,Ti,1.66485,0.74281,1.66485
YIFKEG,N#C[C@@H]1C(=C(C(=C1C#N)C#N)C#N)C#N,Ag,2.11686,1.0526,2.11686
YIQBEF,c1ccncn1,Mn,1.95786,1.30661,1.85849
YOLZIK,NC[C@@H](C(=O)O)NC(=O)[C@H](CC(=O)O)N,Ag,1.76458,0.78141,1.7566
YUHMIZ,C1CCC(CC1)c1[nH]nc(n1)C1CCCCC1,Cu,2.73373,1.69463,2.72111
YUJNIB,OC(=O)c1nnn[nH]1,Sr,3.95364,2.60273,3.59346
ZATPIW,OC(=O)CSc1nnc(nn1)SCC(=O)O,Zr,7.05332,4.54215,7.0476
ZAXQOG,C1=N[C@@H]2C(=NC1)N=CC=C2,Cu,5.67588,3.7723,5.67588
